,Stock_Close,Interest_Rate,GDP_Proxy
2015-01-01,107.99020548895248,4.414053786007193,46.929456113762065
2015-01-02,105.34006811824395,4.748515738722217,48.81690475620107
2015-01-05,102.31042862948235,4.100720844529649,50.68199651806782
2015-01-06,101.82365260416967,3.581435112006097,57.56912768420353
2015-01-07,108.0811463113188,2.905685230710392,54.55562855650566
2015-01-08,106.08918275646124,4.076207896348345,50.42035373381459
2015-01-09,111.75614756050595,3.1805573725892917,56.43220867411073
2015-01-12,111.99090992708294,2.38769295479763,53.51668021112809
2015-01-13,113.12386572339986,3.3605972975154037,58.07245871787654
2015-01-14,106.28504617617229,3.2284795103194983,55.778667371845586
2015-01-15,114.62135717652183,2.1876233557279634,55.838517758784306
2015-01-16,108.09092536467168,2.8429057754144713,57.978788800991644
2015-01-19,117.96315624746808,2.7187158540209126,53.11581177608781
2015-01-20,100.31435230457832,3.589975600689028,50.025982176043634
2015-01-21,108.99027474582633,5.337123488465851,49.065643144808064
2015-01-22,100.1754345888314,5.1066167627340615,51.46616820567724
2015-01-23,93.90312841277705,5.57768797163237,44.83147167218329
2015-01-26,95.36928392576823,4.550890543786662,42.67722362580875
2015-01-27,94.37092840402582,6.324542778855257,46.07718099193007
2015-01-28,95.26888727433642,6.093356416991553,45.96452475656697
2015-01-29,98.69353252034745,6.010127545090676,49.46003980960512
2015-01-30,92.75930245950399,6.231737849179876,45.79452913522687
2015-02-02,95.64108592726781,6.739614575776144,45.99929095219754
2015-02-03,103.62471430920513,6.117249171403991,46.99282335562085
2015-02-04,100.46231291759901,5.534094655315726,40.12896440093075
2015-02-05,94.22806059488535,7.080314210748052,43.25779013452036
2015-02-06,89.93447248251158,8.464141817837783,42.689189098603045
2015-02-09,91.09600776195323,7.995510394379239,43.77032578884151
2015-02-10,92.3621636121764,7.781186270506235,40.95131692501147
2015-02-11,83.59722342294573,7.576385344949537,41.602271710115
2015-02-12,86.22089033736223,8.526618042198914,35.65417506153324
2015-02-13,82.8694090241089,6.710144551773556,42.09275022045493
2015-02-16,93.18145055704736,7.441845148672867,44.29601863312466
2015-02-17,92.30589278462287,7.985256808056021,39.83784674607252
2015-02-18,88.29907059881867,7.851354226170553,43.154220625915855
2015-02-19,96.14324942682367,9.311501116862162,42.098731709385525
2015-02-20,82.56221448537131,8.02344728349363,40.83318369857174
2015-02-23,77.44982815157437,8.552592548990384,38.919704456460735
2015-02-24,83.23758954762647,9.458380230197351,34.66103271055073
2015-02-25,87.74454443962563,8.48819881591423,36.46856713553154
2015-02-26,92.40562454384501,8.656146912816553,39.2099219040952
2015-02-27,82.03430133459091,8.713178118709546,38.560487908638585
2015-03-02,89.49083025131561,8.713599279992922,36.90000702399148
2015-03-03,83.30267634547702,9.202372762771722,38.069846828317
2015-03-04,79.67503821254161,9.454246355747475,36.83285061545751
2015-03-05,83.51678598288964,10.785893759798165,30.22398216443726
2015-03-06,81.4388231456038,10.455801344074922,35.95105469506433
2015-03-09,72.40949242105329,9.92248653793706,34.54608042711877
2015-03-10,88.36139153374094,9.591380195465677,36.58499720531405
2015-03-11,84.35306624512324,10.714442973332991,35.48395095307995
2015-03-12,74.97296390562794,10.887354779039923,30.832235665420754
2015-03-13,79.30963051953,10.233781679058811,31.57907763440212
2015-03-16,78.44691978314474,10.676749542529613,31.405479247046863
2015-03-17,78.50349025853231,10.548106628258475,31.332584029810718
2015-03-18,76.51059470517757,9.511534419662226,37.91646350747712
2015-03-19,77.7665638729468,9.309200891979986,34.12996634682422
2015-03-20,79.31847531123456,9.900328146679724,33.47359069067011
2015-03-23,84.69146601078619,10.730239361734023,34.52964374907297
2015-03-24,82.20834855026865,10.25869372017684,32.21346178082019
2015-03-25,79.58836637111068,9.73643544779847,35.28971710014338
2015-03-26,84.34158310909235,10.30467659212133,35.99722368938832
2015-03-27,65.86905849937261,9.903371205169554,34.41810789312722
2015-03-30,83.64293015637145,10.72045701133671,33.23755252308331
2015-03-31,66.8081195124591,11.071717021946354,30.571352079865456
2015-04-01,75.31953534412233,10.849746161915315,29.819864419991955
2015-04-02,74.24587063514892,9.747565644124299,35.5263515038882
2015-04-03,73.22679248651444,8.855541454582042,38.28501604213371
2015-04-06,87.51139959779562,9.506044003681094,36.317252507244135
2015-04-07,80.09203170443884,10.103739640300399,37.27343151774381
2015-04-08,82.87281761044161,10.178033150673786,37.24066916157474
2015-04-09,81.62848651840895,10.016926389094369,33.85865606651025
2015-04-10,87.32436668185241,9.383274724468908,42.10940122556181
2015-04-13,85.25161992281816,8.827451178601493,39.05529044348328
2015-04-14,81.58183665820206,8.09945840891657,44.2613121325369
2015-04-15,87.73864166820113,9.00184715954147,35.60191468717609
2015-04-16,81.93232966390931,8.741685427057508,41.936958279902555
2015-04-17,76.79229722289345,9.164083895837518,39.98171602521373
2015-04-20,81.8366162104309,9.607644214769289,39.08897418315008
2015-04-21,91.66451252150304,8.89009847007663,38.5885840849549
2015-04-22,84.43668444969715,9.728511432791871,34.642124568198376
2015-04-23,78.00297129141538,10.06370598856463,37.21073728953874
2015-04-24,78.71416858488602,10.185489097845016,35.62606256955472
2015-04-27,81.80806993987429,8.42401129294293,33.62804448979659
2015-04-28,92.7634446772181,8.256983333577905,34.55040564614642
2015-04-29,82.67239481478529,9.534052186847328,35.20034666083515
2015-04-30,81.9094117024138,9.449842920428306,35.43940056617495
2015-05-01,86.74142497202182,9.348427975710694,36.07932879859717
2015-05-04,83.44145571631454,9.364232360295771,39.123574020473804
2015-05-05,79.89277878454438,9.47637841707652,31.98878840715867
2015-05-06,81.23277513444971,10.172602672266722,36.94806915791627
2015-05-07,82.05067318150037,9.561202512658488,33.1705511581537
2015-05-08,84.15985827708725,9.063744814896298,39.77890168569568
2015-05-11,86.58001099006665,9.575637754051261,37.01748002502732
2015-05-12,82.54626840772272,8.858948696438059,37.55412417806291
2015-05-13,85.1655230584998,10.143975225604658,34.398976083136894
2015-05-14,78.17170987561475,10.318294662692853,36.49039944543376
2015-05-15,79.56070928186728,10.543356976048903,36.45909932583282
2015-05-18,69.69864045198607,9.541660414818272,35.93432151200872
2015-05-19,84.28150916144392,9.29815292000909,34.51586859722176
2015-05-20,80.9631389006712,10.601270698717206,35.582736961476186
2015-05-21,81.39000558637865,11.08821600377866,30.8861811418356
2015-05-22,61.07738750058124,10.659308124933826,33.38010961170368
2015-05-25,85.31510888239978,10.846859619738618,34.45388830751995
2015-05-26,72.57073267927704,12.245547187194159,32.09273173499805
2015-05-27,78.48702348040847,11.168766704386115,28.250377107925843
2015-05-28,68.5546814747223,12.382783699040493,31.038492967308677
2015-05-29,80.59045243808387,10.16804390448331,30.558654097060973
2015-06-01,72.60866072256641,10.850261328195517,34.55158452617737
2015-06-02,75.27199451640121,10.23798093215545,34.69433631563525
2015-06-03,87.81210425768182,10.7411068434542,29.941827937196592
2015-06-04,73.45099305393308,11.126841734505453,28.479736105487625
2015-06-05,75.43854167274999,11.330759220251009,30.197255186650995
2015-06-08,78.8221763801772,11.402500156014504,30.252158800768417
2015-06-09,81.87673139156702,9.649325784183263,32.12978759294039
2015-06-10,79.76569454785964,10.617012167174625,35.038157475310676
2015-06-11,81.4414997191401,9.839219540061963,35.21546824798776
2015-06-12,91.56434909358987,9.998882250480367,34.27191511159183
2015-06-15,76.9218211069915,10.200346539655888,31.395853318802843
2015-06-16,80.5010559547643,8.844942990304977,36.71908479372523
2015-06-17,86.25269876660109,9.65462942205916,39.06038431609885
2015-06-18,88.10912034543902,10.56093504064418,35.968995042793765
2015-06-19,86.69786729886154,10.201623201184104,34.34770299398509
2015-06-22,86.76195550307774,9.098293711899846,38.65864362552286
2015-06-23,75.04957770369485,9.677404018559049,34.85739294101647
2015-06-24,90.1054741164533,9.526653832669071,36.17494293988439
2015-06-25,80.58750074147433,8.693752630945664,41.218727083375164
2015-06-26,85.85133238250155,8.32505482826898,34.43490411721521
2015-06-29,79.43418034700406,9.755770948059226,40.04077434753098
2015-06-30,83.08417059431117,9.50647507590159,37.69900779411578
2015-07-01,84.04172307056113,9.759615108093033,35.975446975158434
2015-07-02,80.90337023416284,10.395091830176998,34.2939698092407
2015-07-03,81.54331387769994,10.151380802216115,34.50014128993368
2015-07-06,85.37765902436455,11.009154948215583,29.51942440241363
2015-07-07,80.52395904791157,10.73183518178527,36.68209211016272
2015-07-08,75.19665589542083,10.718619876560972,32.39573056844678
2015-07-09,84.33774372335094,9.833872143074263,35.523985172326604
2015-07-10,83.89815374185987,10.563227823321826,35.366200514075594
2015-07-13,71.16863918914036,11.447840509541264,30.937683783498386
2015-07-14,81.92071304881395,9.647018287281885,35.14722832274395
2015-07-15,79.97784777825125,10.148241350449593,31.818705868224978
2015-07-16,75.43908641910504,10.850654436642008,34.388719502361745
2015-07-17,86.41972351102797,10.140146489810542,30.401437242649408
2015-07-20,75.57594504018478,11.005115088348353,32.046478631028016
2015-07-21,77.32337295976973,10.948103925851246,31.315976707741086
2015-07-22,76.34989715948952,10.584584802455382,33.77596811194995
2015-07-23,78.85679726237082,11.050206213185172,35.024264893084016
2015-07-24,70.8236251682313,10.123297860084913,30.813498662386436
2015-07-27,66.46383296356728,11.169729643475186,28.823717804051988
2015-07-28,82.68049582389742,11.271379992982338,30.80964714371476
2015-07-29,71.06713311264728,10.352920630863183,29.683170436048783
2015-07-30,70.84596380764914,10.961341409051293,33.53616155710227
2015-07-31,65.72887140590606,11.706779589382851,31.63345207954858
2015-08-03,71.94096379232015,11.226500111456067,25.537852959432456
2015-08-04,68.98483095805217,11.215280471586928,30.95056583057363
2015-08-05,84.39650067236887,10.323311399491955,30.062731012077315
2015-08-06,79.80680748234747,11.00238878707169,27.80573989580382
2015-08-07,75.04851933203518,10.19008404535708,31.392100016997702
2015-08-10,90.6991159264689,9.98190822668504,34.796519618476474
2015-08-11,81.96315734030004,11.377239421166367,35.44802908550302
2015-08-12,76.74328020506663,10.686986249710127,34.40194678968726
2015-08-13,63.92104520778722,10.339752575992712,31.100548560184837
2015-08-14,89.44695585259372,10.625191641806003,34.4059906325714
2015-08-17,73.36157181383682,10.171752337334691,34.31389499030312
2015-08-18,70.44107577616693,10.903057141522787,32.611851394887246
2015-08-19,85.70767392948824,10.641564900924179,33.13739099061405
2015-08-20,93.61914565500939,9.137356998257808,32.56163010398133
2015-08-21,89.9858680358546,8.828445258569332,36.51853054435761
2015-08-24,89.6776355088717,7.656688593390218,40.45967441129769
2015-08-25,89.34108538493058,8.29116165129547,39.58223791742334
2015-08-26,89.12691914179071,9.018218850250872,37.812947155022165
2015-08-27,86.87545543757196,9.723464136135018,35.41911724508504
2015-08-28,82.85514903855413,9.599726508501924,37.30338632240038
2015-08-31,81.81599401963844,9.516329113402817,33.33697753501611
2015-09-01,81.66432681001473,9.581555883746287,38.0350251648212
2015-09-02,78.76085110383899,8.949760037141896,34.893571498275826
2015-09-03,82.78166516191055,9.99850922428628,36.63390993497725
2015-09-04,75.7462602590233,8.143408403940912,35.22471286626882
2015-09-07,86.62641435034111,8.312842168369146,39.335780069464874
2015-09-08,81.64584328208436,9.36460340515508,41.89222403033517
2015-09-09,86.51119056493934,6.996115634525451,45.05310904015156
2015-09-10,94.1799426023156,6.5848625208622025,46.91719810896723
2015-09-11,98.52616816543863,6.929738105165877,44.718902642154596
2015-09-14,94.01595476760498,7.553711224720442,39.86093914613433
2015-09-15,82.5368135499639,8.089095095318319,42.13040897740473
2015-09-16,84.99425031457639,6.408471294978225,40.89639498983614
2015-09-17,96.07424792555335,7.924118854245096,46.18894379728728
2015-09-18,87.40443026706781,6.208804615085088,41.844073133216895
2015-09-21,91.04804365946049,6.82387148302139,45.91580243586243
2015-09-22,93.22788246843156,7.165972296523469,44.64412422019914
2015-09-23,82.6062052496189,8.432294753901093,44.24518604638498
2015-09-24,87.08177515053283,7.562213419107369,39.096800029593275
2015-09-25,81.59756773385895,8.164162530928479,42.6254157254978
2015-09-28,85.68904447695432,8.83818413746583,46.08521569561047
2015-09-29,87.8033148099991,7.767311712881993,38.41802050059741
2015-09-30,78.58579832333042,8.457161336058006,36.84299474817686
2015-10-01,89.52377544024844,7.838658473490085,36.7310312450193
2015-10-02,85.45549788341077,8.824521883585474,40.5906892162558
2015-10-05,88.62358686202097,8.54428961622407,35.62955240133426
2015-10-06,87.09712519715055,8.184867913771036,38.73852778924458
2015-10-07,90.51231608103521,9.32103265964404,38.64333682245241
2015-10-08,85.03331116510209,9.800376891927733,38.67574256255674
2015-10-09,83.38172999897274,8.522358677986597,39.99745800681761
2015-10-12,88.30634770611098,8.436163923336698,41.215724854813885
2015-10-13,92.51895444020131,6.902747447309574,44.90957984789132
2015-10-14,87.29142591073372,7.760000421814697,38.3807114078513
2015-10-15,85.37443393529436,8.94333426912145,37.52461633253915
2015-10-16,82.69158757465848,9.191671510844914,38.10584061972755
2015-10-19,83.91461332776196,8.370527195513658,42.08222206036274
2015-10-20,81.24618692913032,7.778667662706227,42.99520714288671
2015-10-21,104.71255998537292,6.008476635352121,47.875957840715685
2015-10-22,90.88714111386814,5.098181810309001,50.196830301898274
2015-10-23,95.91306258220622,5.457860520381244,47.17710969363655
2015-10-26,97.69355577032617,5.119768506618664,54.298642296731394
2015-10-27,107.06299648550598,4.12686118338752,54.987758194012336
2015-10-28,100.48308772004293,4.275519898244482,52.9396210781188
2015-10-29,109.71448491585826,4.263995476703624,56.17042873190932
2015-10-30,98.56267100219512,4.299109101126088,48.13434667720529
2015-11-02,102.85145772105345,4.602811965203479,50.04346890992553
2015-11-03,96.30902454797744,5.928420941014199,48.893712939343274
2015-11-04,111.37525373191582,4.7141101263647816,51.93008971730134
2015-11-05,99.34083313124833,3.5011236173904146,51.85883744059263
2015-11-06,103.09339839234754,4.29015538687932,52.67321142958428
2015-11-09,106.08569962662192,4.6428921802596115,54.9286837044645
2015-11-10,101.76037896683962,4.986542043495417,51.158943409854594
2015-11-11,97.82108145361471,4.988433543838473,49.62814185832545
2015-11-12,100.27631744327086,5.429296780652009,48.718319024652
2015-11-13,101.27303834002446,5.44630625722459,49.096783802845955
2015-11-16,98.16348141612787,4.9751653610630715,51.673106378796064
2015-11-17,102.28727958972492,4.6997590228821,49.659611012123435
2015-11-18,109.87969451157647,5.796986969013531,49.0422705889597
2015-11-19,94.57888731514629,5.316098527073637,47.1889405886073
2015-11-20,90.950248521454,5.945496944744036,44.297831818289296
2015-11-23,97.44899685740074,4.542346316354826,46.27610048699889
2015-11-24,109.48575309221698,6.299497068163308,51.263242977238484
2015-11-25,96.85672174274738,4.1756403897106,48.09540979494209
2015-11-26,110.33851665445239,4.829648902725247,51.986159112866204
2015-11-27,106.48115152429904,5.4839746704390055,50.58437353682803
2015-11-30,95.69761487491573,4.906641269437752,46.33932172658719
2015-12-01,99.98689854984531,5.510986055056878,48.22590831500136
2015-12-02,106.98883293915407,5.631446772600507,51.01096844265484
2015-12-03,95.36616964170854,5.737495139896124,47.971354903798975
2015-12-04,96.01443366320036,6.034122624308198,53.511057709117665
2015-12-07,95.13390545192988,6.47764278683947,45.19453399849843
2015-12-08,94.700036756549,4.274424091641142,51.94782236727776
2015-12-09,94.12683987057174,6.465299388508867,47.6843172221334
2015-12-10,90.58452379040861,5.876121687706636,49.07200915283826
2015-12-11,95.9247518431941,5.612024350363943,47.69836517982197
2015-12-14,90.59780988145734,5.722924177942868,44.36944463334292
2015-12-15,99.14751407626648,5.410793675283299,48.94193117290324
2015-12-16,91.00906970821651,5.763688071153567,45.37560805162941
2015-12-17,97.92118119163685,5.869530432170093,48.4065800240662
2015-12-18,102.27014873271874,6.229951483955145,49.17319487548664
2015-12-21,92.37813810584211,3.687708075299375,53.03743257631074
2015-12-22,106.28202968903955,3.891018816126554,55.42504678002555
2015-12-23,107.51135187026011,4.030551550820029,51.76499486133965
2015-12-24,94.3563336687051,5.080681250772198,50.59958291121741
2015-12-25,111.3012229947229,4.708853429915052,50.441634122078206
2015-12-28,103.61811717612706,4.4088635708352655,49.71782506967452
2015-12-29,98.88560170679725,3.0952278252891117,54.181464979546625
2015-12-30,103.68108370415943,4.109491800286258,55.842617630747924
2015-12-31,104.8977027119004,4.691852238543806,51.103330239344736
2016-01-01,102.36704439423025,4.7053930181888,51.582268572382695
2016-01-04,98.19826271926189,6.741770406653565,44.819133317785
2016-01-05,88.85233950896465,6.1005462915851085,47.43729429630599
2016-01-06,93.79737529175554,7.102465259831438,46.04376202606492
2016-01-07,83.38643232312054,7.982502554327625,46.723688478661586
2016-01-08,93.16369710876522,5.680749354119561,43.53322440727206
2016-01-11,86.34000645226351,7.444939748062625,42.38864269665415
2016-01-12,86.30180597324465,7.253046162947792,42.94748360969626
2016-01-13,96.42140271681785,7.39900445325776,43.97368170602579
2016-01-14,98.58003402186925,6.892967387044693,44.411277289078164
2016-01-15,93.29744972107491,7.193445938808468,40.94289715649687
2016-01-18,87.11652279748606,6.517624305206958,46.19638002348385
2016-01-19,91.0165104944141,6.867438023021983,45.891185282257254
2016-01-20,96.70102394068813,6.7974931703705455,41.144103379466706
2016-01-21,92.26832695751828,6.567151838227718,46.38069239420006
2016-01-22,103.55450948037416,7.350221196361828,46.30879375374248
2016-01-25,92.72401722311996,6.736245975883646,43.33666401410667
2016-01-26,91.8572777785783,7.60889820142257,43.33196987184818
2016-01-27,88.58082268139212,7.699694395825819,43.70291929403528
2016-01-28,91.02114421681853,6.548736712377923,41.041673629167825
2016-01-29,90.91535186004648,6.74179241334487,43.81833873979007
2016-02-01,98.39027805768286,6.884621032963707,41.83253391646158
2016-02-02,97.15761526055914,6.415891315283605,46.03348904844554
2016-02-03,92.710223123359,5.607755262370618,44.35714137454034
2016-02-04,86.07983005906485,7.047031739912511,47.55883577699831
2016-02-05,83.2513977712661,7.283589095445653,43.664078289654036
2016-02-08,96.14901568431445,6.471965794539819,44.78346032345144
2016-02-09,88.65420975435244,6.15848420634873,44.37281427674734
2016-02-10,82.1611907808182,7.479773994454102,44.118155061341305
2016-02-11,94.45229226752087,7.742100020682274,47.219112123945614
2016-02-12,103.98839496271235,7.6085796815038,38.66693071859113
2016-02-15,90.3143133039605,7.456492105867519,45.312431668421354
2016-02-16,96.23632592796024,6.584899125254031,44.708951003979934
2016-02-17,93.16704982036994,6.395302039813689,42.15438397500966
2016-02-18,90.8776355711551,7.418236093355177,41.37843809173463
2016-02-19,97.76666600291615,6.916378213450015,48.23124874539939
2016-02-22,92.33450990878727,7.254328639040583,43.448398212412435
2016-02-23,96.74856843776797,6.472323329415958,44.252004129364416
2016-02-24,98.27935358223574,5.080743711306173,49.77777749817122
2016-02-25,91.67242226119629,6.772755176508578,46.93676164963047
2016-02-26,98.8527241967002,6.027841574088397,43.54353318369039
2016-02-29,94.51230087578706,5.961239449207797,46.97357469525733
2016-03-01,92.82911439266682,5.973140055593087,45.40437477531773
2016-03-02,99.24858622005476,6.856324494341296,49.62617054849727
2016-03-03,92.30835185986513,7.354786335797604,49.7232607563615
2016-03-04,99.49692734724279,5.464356139468801,50.58102856794176
2016-03-07,98.12728379950448,5.365181994958432,49.35298120953816
2016-03-08,104.69655137422346,5.4504844379738815,52.97268140853393
2016-03-09,101.23617940459755,5.728155652887471,49.14638883492479
2016-03-10,98.30219104001762,5.232834728785567,46.45674612446591
2016-03-11,104.71371103371916,5.74138579352673,51.367607478952905
2016-03-14,109.22674998078035,4.546107320672255,55.87887827584457
2016-03-15,106.69178303945438,4.273188667621931,50.89752964439959
2016-03-16,106.56545222122062,3.7045398455263006,54.16234130811482
2016-03-17,99.99651564351844,3.571869103989918,55.74966468015483
2016-03-18,102.59403443248229,3.4395695632700147,55.8318923628829
2016-03-21,105.77294571289892,2.8666060980584747,53.509694765249556
2016-03-22,104.89984092885273,2.7339986381147003,58.20426716719779
2016-03-23,106.75225931598654,2.5281439257857103,60.40541831721985
2016-03-24,108.16435738538475,3.249473675085312,56.30309373872222
2016-03-25,111.71988558355669,3.121612798812799,54.99542977935778
2016-03-28,107.08248655501062,3.3701413217494207,52.47831428387262
2016-03-29,114.05226321580803,2.932307467504516,59.23076820995012
2016-03-30,109.93009230772822,2.5952719321660753,59.41354486189071
2016-03-31,97.30201017633279,3.539535075770721,56.33484274906736
2016-04-01,104.7988877860085,2.0802583731547735,57.116865884488995
2016-04-04,110.35845236442007,2.036727613005762,57.1306243036925
2016-04-05,106.27865606292691,2.2659864344997738,57.06102006741317
2016-04-06,116.58346444564204,2.028595856456317,61.85736824939553
2016-04-07,121.21308141168568,1.4631847136761114,61.99703868024656
2016-04-08,117.85862776548211,2.022995747322085,55.73215430686518
2016-04-11,110.84921326873194,1.2619562208138504,62.1169986738986
2016-04-12,118.01573488460852,2.180959349507006,59.069720592057074
2016-04-13,113.25568095320482,2.3171056649613284,62.18344704068728
2016-04-14,110.53279904859978,2.233045282005788,56.479416181172255
2016-04-15,107.50022119290027,2.608524233039365,55.19377757212284
2016-04-18,108.41211439485832,2.5437711367657374,57.14540850093964
2016-04-19,108.80944164314408,2.3159501453515334,59.06831315567805
2016-04-20,110.47495774211971,2.264120272702709,60.80987911853563
2016-04-21,108.78130574435873,3.354805250323915,57.39598470696232
2016-04-22,108.4810403628603,3.094033906671387,55.86399514294586
2016-04-25,111.14043425304243,3.0070735729187303,54.66406913790123
2016-04-26,113.89508842750011,2.7515183152741054,58.41639393561461
2016-04-27,111.74755111953839,2.1733834294814347,53.3204244802474
2016-04-28,100.03939047479753,3.682606276615086,58.85484734732993
2016-04-29,91.79810595954262,3.6186533634826987,52.85701442632628
2016-05-02,106.42438364149565,4.130416096653618,54.49575220921016
2016-05-03,93.4815021507173,5.267765545258393,51.594784312214365
2016-05-04,98.76517432990731,4.831743345197754,49.64276002564312
2016-05-05,94.66025134026992,5.402264074381629,49.344319609272794
2016-05-06,94.45162671656574,4.44312074867189,51.91433092365722
2016-05-09,107.88416179189382,4.047572623882771,54.739269497902875
2016-05-10,108.65274689245625,3.1027793716639787,53.7970413106427
2016-05-11,101.93638667150405,4.4012373239087905,52.42658119021581
2016-05-12,89.85866848513749,4.427155279151423,51.779147138761246
2016-05-13,100.04563143261483,4.1211480119075885,52.23979431484623
2016-05-16,104.15855642304969,4.521810134661885,47.392184108198094
2016-05-17,95.4504156728425,3.4006390043725543,53.05006636711225
2016-05-18,102.10731122850427,4.906698498338211,48.933441272772754
2016-05-19,102.15265541222585,3.9280130813862533,49.36523868715664
2016-05-20,108.19113998210145,2.999994236054233,50.59632316885058
2016-05-23,105.67506402925305,2.9695298600954834,50.220086644650934
2016-05-24,101.0152409269724,4.086197779649921,51.699544217310546
2016-05-25,113.24373112312485,2.870149899453008,54.027613295840816
2016-05-26,105.66578480589587,4.1522556872005705,58.75034277832618
2016-05-27,106.77009493710189,3.005444859810963,54.128203874198256
2016-05-30,102.26546264084915,2.4133704121497415,55.55435203969742
2016-05-31,104.91074337735525,2.659949121697469,56.14632874799726
2016-06-01,101.15712149546736,4.2226220436030015,54.4479816716331
2016-06-02,104.76542511450265,3.514512057501727,54.06772963913783
2016-06-03,115.18469439732237,3.069318352602035,52.5790264702595
2016-06-06,102.66893349754396,2.6978993098762087,60.048184505708974
2016-06-07,103.37917387498746,2.389146151990984,62.19962893555413
2016-06-08,123.10919741686232,1.620362963102664,58.44969194630033
2016-06-09,113.17203226785884,2.1695869515419215,58.615930808440865
2016-06-10,112.61792823375993,0.8292926953405766,61.412848260540635
2016-06-13,121.52949937551661,0.2544821723249244,60.31840636408178
2016-06-14,117.68150410628726,-0.3841280318045306,66.54411746064041
2016-06-15,128.22303380199594,0.35689394472612634,62.86319452088273
2016-06-16,120.80317090659607,0.1647351494197657,67.390268298038
2016-06-17,113.77519921828315,0.46773547779956054,64.54216438294594
2016-06-20,122.75350587671957,2.180152738176928,59.40037166905847
2016-06-21,107.88688015201384,2.2468101324571403,60.24056360191236
2016-06-22,113.10766630396968,2.6671011367250084,59.25969293165697
2016-06-23,111.19443991890802,2.1962580784310766,56.14558778654018
2016-06-24,116.89019541542388,2.289427400789648,56.15368223723848
2016-06-27,121.9413866304959,1.004425766150436,60.75665911108553
2016-06-28,116.19469906856258,1.4364296247539563,63.7492809914212
2016-06-29,111.11378166017802,1.7974069143846407,61.438774056238536
2016-06-30,115.38390238390781,0.8058956515778966,56.659038287527174
2016-07-01,110.6793031634647,1.0182745668474853,58.945261121267244
2016-07-04,121.49434983581708,1.394881972908972,58.42261447144921
2016-07-05,115.77300778530635,0.9024052503233857,61.166417138767834
2016-07-06,115.62260361477469,0.5959781722710109,67.03199288208104
2016-07-07,117.43426159645037,0.14746237336927848,59.61116916554637
2016-07-08,106.34895956129559,1.2679223412013259,60.824621740379804
2016-07-11,110.93426556472164,0.549937374640527,64.82247803461274
2016-07-12,121.56532560649178,1.2128196480070572,66.21534154092284
2016-07-13,114.75441729585961,0.5249499958389796,62.72037167166951
2016-07-14,109.61547845971815,0.9266228800494112,62.12038393528629
2016-07-15,116.33454708985673,1.6755896042646234,61.37798320981252
2016-07-18,119.59029149997166,1.3112172760422003,60.63729150809908
2016-07-19,117.35049846751149,1.4252394662904355,60.119108533161
2016-07-20,117.83583940025675,2.6228258023423523,60.51365150742084
2016-07-21,110.31732539307535,2.1449053169145085,55.511483456502624
2016-07-22,104.85700664344826,1.3586943872468331,60.338683962993365
2016-07-25,119.18796926689231,2.494540957160866,59.0133315626601
2016-07-26,110.308493076328,2.425225209611125,58.49646940934748
2016-07-27,111.69660485638094,1.188175870959645,63.80680184543126
2016-07-28,121.01497040407926,1.8158888981689398,59.43063173354437
2016-07-29,114.90586555816152,2.7377870814167204,58.28738465523861
2016-08-01,111.33592603009501,2.1746058044560486,60.775471981674706
2016-08-02,122.43685253798941,1.6382883861218693,57.04475800041329
2016-08-03,109.05887768554246,2.4397135240609567,58.10712106220931
2016-08-04,115.41869640473627,2.440873714330306,57.79057097638585
2016-08-05,114.16686533986055,1.805288208775982,62.092818750790435
2016-08-08,115.45611037827713,1.6420073622100395,61.000466752677255
2016-08-09,124.11408548415113,1.07741212244195,59.76855681976184
2016-08-10,119.14595909635682,0.1850688571172816,61.39074810992715
2016-08-11,123.41975655992084,0.3415898121425537,64.3314982570801
2016-08-12,129.6014945361081,-0.47494446617588637,68.02477629672323
2016-08-15,121.91626590488653,-1.0499527601842502,68.65745948171036
2016-08-16,121.48812311781462,-1.442781338534345,70.0995401026582
2016-08-17,121.75087738357479,-2.509284589697849,66.67916900716315
2016-08-18,119.88040352186464,-2.1709192391772443,74.41202182668019
2016-08-19,138.06337519728606,-1.6595561660390377,71.34189235268157
2016-08-22,123.63840063897288,-2.319706125394985,74.63489594587381
2016-08-23,130.16502332335162,-2.255646180384873,74.34186523554172
2016-08-24,126.36974596898966,-2.1054917325985376,73.01800526679722
2016-08-25,126.92432893214821,-1.0645208978288796,69.9735622052273
2016-08-26,125.387517150279,-0.8370399412416875,68.67407482809239
2016-08-29,125.07238486049212,-0.20428043011046976,66.62201433605561
2016-08-30,119.28971473744063,-0.6384526115227497,66.45799595482819
2016-08-31,124.37420746554533,-1.1898000475988753,73.4522314667518
2016-09-01,126.77090534775844,-1.5242648632459133,70.79657844104749
2016-09-02,127.37178105554179,-2.2195454694507135,72.60891635685347
2016-09-05,133.8917616501297,-1.0507348567866805,66.83866649444562
2016-09-06,124.90314364951068,-0.8304493414489652,64.25958643356249
2016-09-07,126.01156242377527,-1.3875819237508864,67.33831108442834
2016-09-08,126.41971073474187,0.09846585425151022,67.62002068909008
2016-09-09,128.90728418264322,-0.0692516844589105,66.05169104139583
2016-09-12,119.8101384886554,-0.3723890213370248,64.46073842057676
2016-09-13,112.24263087633206,0.6631562485947762,67.22234681817065
2016-09-14,118.1162913738648,0.7190497109489338,63.47919366042678
2016-09-15,114.20041224380252,0.7674444294751164,60.81088051506576
2016-09-16,115.54730979620656,0.5995137632679096,63.419777249430624
2016-09-19,119.2424537260761,0.8051376917666792,60.623042262520364
2016-09-20,121.47431515479543,0.7873922177999888,60.68677501540332
2016-09-21,113.27083063752966,1.363611285379533,59.04612323412773
2016-09-22,114.58327962229782,1.2821254024336275,58.824044754269245
2016-09-23,123.46047392348167,0.8467390958084071,58.70177865628232
2016-09-26,114.18171300507723,1.7219240780667238,59.478150967689416
2016-09-27,126.99445570957205,1.1456099707771035,59.368314830307945
2016-09-28,115.75307313008292,2.10964480737501,53.835246296439365
2016-09-29,102.53596544162141,2.9086782683178356,62.610778477053714
2016-09-30,114.89242662301406,1.9285437499421294,60.521828196551894
2016-10-03,110.96102579706654,2.8558937821045265,56.0388239546395
2016-10-04,114.39669903237201,3.2628587396618958,55.99858954594991
2016-10-05,108.91808623313038,3.8479562662644904,51.82082591295031
2016-10-06,108.78934982269449,2.667570198304702,60.502668062581755
2016-10-07,103.43066566511,2.9833019975406554,60.958695024463836
2016-10-10,107.10758954414152,3.2029480186974157,56.42791682942178
2016-10-11,104.3280633809936,2.236002375826327,58.482560527400764
2016-10-12,105.45339230363481,3.3455756440300273,56.61758072236167
2016-10-13,110.85696237569505,3.465127830235373,53.26210188744213
2016-10-14,117.49192627543587,2.332756009490999,56.03315607733182
2016-10-17,112.63077682288835,2.354614124280438,58.256920313874005
2016-10-18,103.61700156837647,2.9425602767674355,56.28821722142741
2016-10-19,110.66779373836374,2.78414799089456,55.89627874307721
2016-10-20,113.87783443618801,3.5628197731430684,55.73820863720158
2016-10-21,100.24192015189166,5.359227578937536,52.306369009385506
2016-10-24,99.59036671572687,4.54189384640964,50.299856392813574
2016-10-25,103.06764205762651,3.5609274274279814,50.124440680192194
2016-10-26,102.35964494557189,3.580875170056665,53.27907008498145
2016-10-27,109.02746660108963,3.9142651445954884,51.77037979250281
2016-10-28,106.33443761494296,3.149772223582149,57.160014867858806
2016-10-31,109.65934088660407,3.836210664893282,51.459965116621056
2016-11-01,109.28197939496891,0.9008370291435224,62.59676089961841
2016-11-02,113.77129860523151,1.3568117848036638,64.74164137466211
2016-11-03,119.31466171302588,0.771380858648795,61.172705018950026
2016-11-04,111.92750828222735,2.4117704424321027,55.13748135636004
2016-11-07,119.21360065833805,3.3515623260413,57.2114649276937
2016-11-08,108.98752774583247,1.8702445376319552,58.110913182851476
2016-11-09,110.5964308120963,2.3569696362114905,55.08355894764483
2016-11-10,111.29145392350698,3.772669002454519,53.94093803548966
2016-11-11,98.24352533099132,3.4725961761911237,57.06190589446906
2016-11-14,94.3682139285238,4.184229893926959,53.709047815924244
2016-11-15,98.91825968572235,3.3760588956280015,53.06077771517341
2016-11-16,114.62274128960762,1.9627082287832431,53.037167240162916
2016-11-17,105.53458476037625,2.919612254493261,55.56637198215932
2016-11-18,124.0447601959598,1.8416951710632796,58.013409267013024
2016-11-21,108.58726238962683,1.9013134930716715,59.54877366191196
2016-11-22,110.60868849624242,3.3003330066700967,56.19381556005761
2016-11-23,120.44272989763593,1.1887015191612325,60.57213425182114
2016-11-24,123.8404646629615,1.9541025378325196,64.22780824674486
2016-11-25,122.04302579669495,1.926641556455855,60.43263298002325
2016-11-28,117.39666171031146,2.021412276415646,58.41994590334777
2016-11-29,114.72390667963354,2.9942874353817976,56.83639459582558
2016-11-30,109.80062933465348,3.4605270001225548,54.415149673125924
2016-12-01,112.58215506454404,3.112719077682055,58.87904408768742
2016-12-02,109.75325438300844,2.356796589103655,58.127260331585724
2016-12-05,105.62105339990129,2.406333854155134,57.37448128075958
2016-12-06,110.82111400333919,1.9843850601476343,58.230885521557646
2016-12-07,108.68577803952566,2.0732494486835242,56.14895747848967
2016-12-08,106.29631013798453,2.4466821388552935,53.676906692697486
2016-12-09,110.85959977342675,4.630131578618569,56.17919590934272
2016-12-12,110.4262070396361,4.209919541172507,54.115252803876885
2016-12-13,106.18875868413244,2.8877817537276895,55.310524128378034
2016-12-14,111.47247442512743,3.3175650166654345,51.99641740201001
2016-12-15,98.91729210074328,4.084498613006546,55.910945851184195
2016-12-16,103.55696415611393,4.142317035560851,51.6403985269607
2016-12-19,100.46325375576568,4.262600577963755,56.459604587120566
2016-12-20,92.8995549493312,4.314462594549023,48.17890550636586
2016-12-21,100.66529194434635,4.667599026608588,51.678561659283666
2016-12-22,101.98074028329495,4.516570305776839,52.89296973396177
2016-12-23,111.15856091667078,4.145118453031635,51.102370014463325
2016-12-26,104.7902601336369,3.4812993859104786,52.07593915886929
2016-12-27,96.71393220007543,4.4263836042820355,53.93518708081142
2016-12-28,112.60810340013599,3.739886640753581,48.069592747640655
2016-12-29,106.10399848384907,5.08789820789868,51.00461211964836
2016-12-30,103.99603890832526,6.2212419035561615,45.82762115257648
2017-01-02,98.62788237884132,5.243665114464532,47.88889754777144
2017-01-03,96.10430402665939,4.617860104344601,53.934457887509495
2017-01-04,97.5139480168365,5.617155276690685,48.36767235610972
2017-01-05,101.20896079438366,6.300039519638925,44.476153343079105
2017-01-06,101.93306434976945,7.08251404020182,43.98672415710294
2017-01-09,100.32252035478011,7.151849618253044,48.59053971139148
2017-01-10,90.68150060793077,7.746834853199238,41.18094629323455
2017-01-11,85.71902730020825,6.605277165673713,41.3852160267113
2017-01-12,93.29873061876408,7.0882411923537125,47.4405879045153
2017-01-13,80.42906243185588,7.218994620091696,45.66884913182807
2017-01-16,90.75493823329943,7.992981407577247,41.64746229820106
2017-01-17,85.97905433135725,7.861389928544305,37.55969504208466
2017-01-18,83.08321253790506,8.437967831385889,43.25173328905303
2017-01-19,77.53467705354512,8.47540694541127,42.320029075907726
2017-01-20,86.35536619215979,9.541066944844555,39.198418220007866
2017-01-23,80.354750372542,9.704663579258318,35.638886230263815
2017-01-24,79.18125601072899,8.119431264456699,38.67507146028425
2017-01-25,69.51574538382589,9.05820294294139,37.58707217558594
2017-01-26,85.41086614911123,8.25809990403431,39.82303311500447
2017-01-27,92.1502849483979,8.548490803400037,40.36877310004956
2017-01-30,92.65493139361911,8.804332644567877,40.02031057293462
2017-01-31,84.94629127926419,8.037815465223204,38.26907726767714
2017-02-01,79.27742326013208,10.641237352687519,39.4693555714948
2017-02-02,83.03856433137514,10.042806649930345,36.14728406827633
2017-02-03,76.85691010941964,8.848981923282606,37.76075957073866
2017-02-06,82.95170603237244,9.35692636459575,39.01514161851354
2017-02-07,86.01543967194117,9.964432077710267,34.415618210986196
2017-02-08,87.11173402600762,10.799954409788441,35.66114977252664
2017-02-09,80.64947709913213,8.91944647349805,34.79977650843048
2017-02-10,79.82052425986289,8.850314554743546,32.49345090732989
2017-02-13,78.78454420028453,10.141868304169057,38.07426280576035
2017-02-14,79.54889705047046,9.273982383518012,42.785587218671175
2017-02-15,83.22610968531254,8.476227597856774,34.58872261960362
2017-02-16,85.37157774665613,9.38362698991741,37.586501437332494
2017-02-17,87.1274608955965,8.042241689384,38.20073919347224
2017-02-20,77.67852663538928,9.57808240610083,36.51697244490562
2017-02-21,89.94676851834521,9.543079168034643,36.636238150129216
2017-02-22,80.28573870669423,10.051795891792144,33.632584807038654
2017-02-23,82.11406995395771,8.937825417428757,37.131253305155255
2017-02-24,82.63564962725165,8.449916574953985,38.26525306321123
2017-02-27,75.99275612848946,7.508798329506665,36.70562466243352
2017-02-28,91.88213734732372,8.262214286457539,42.98561721516632
2017-03-01,93.54855769530853,7.086242286356896,44.315025297068864
2017-03-02,87.64154967821219,7.533902714469073,41.88946255155461
2017-03-03,85.30689197957192,8.259107704242997,39.18710317149708
2017-03-06,85.53546186013324,9.586626678008642,39.36546035414069
2017-03-07,71.40145264512833,10.625680075938075,34.85931576072694
2017-03-08,75.86589157474695,10.254900974651687,35.69140133063144
2017-03-09,82.51931511796666,10.382121067515634,33.31602938814544
2017-03-10,75.62941922856184,8.800487706581206,39.04961723545396
2017-03-13,84.02251075276956,9.211481403012503,37.55761227081768
2017-03-14,75.33361101120165,9.445767682899456,36.97549391295076
2017-03-15,86.1074811088533,10.366563746343571,35.29137622009018
2017-03-16,79.17485316718248,9.605751342445444,35.08870714260584
2017-03-17,71.74863061535947,10.776016195654462,33.204307436176364
2017-03-20,87.18971685494681,10.156924366067663,34.74794960893873
2017-03-21,74.73588970711103,10.538106304469748,32.175884436693714
2017-03-22,76.64509349244322,10.705221322718783,33.389796894337906
2017-03-23,82.37619447865868,9.84271561317744,40.279554175411896
2017-03-24,86.28595941184595,10.058886431658374,38.06975762250357
2017-03-27,76.72922730202295,9.521355574262495,40.19698730197472
2017-03-28,86.65812136176358,9.024353913078384,37.31650154528166
2017-03-29,88.85753712429357,8.869870961245264,40.177598466802316
2017-03-30,90.6754238315571,7.884687407441547,37.82040659602285
2017-03-31,87.17338177254702,7.767582903660391,38.32699074272655
2017-04-03,82.7563460618147,8.750638366994343,36.607359976090336
2017-04-04,82.11420578707622,8.036941495221226,42.16828568062297
2017-04-05,84.97070865373395,8.833240403066805,37.61253257267303
2017-04-06,79.32242665301283,9.447938639106857,40.64909995209367
2017-04-07,69.12105440193758,8.83939746760395,39.004096893735
2017-04-10,86.86856549169174,8.807146691618362,43.12160235738713
2017-04-11,89.87276488690827,8.690738697034874,36.05592956482853
2017-04-12,75.6135083922839,8.567172798604368,43.089594407068425
2017-04-13,81.35948424873392,7.274520889936795,42.09898507001416
2017-04-14,88.96415920672285,8.229552877193136,37.45453325021858
2017-04-17,94.19833781869075,9.127926728606674,39.9474120255455
2017-04-18,83.12624248835706,9.844470990718424,37.93899538853748
2017-04-19,80.13686022992405,8.809830042229464,37.37770368214548
2017-04-20,84.37636996383624,7.739010604638954,37.32026815307632
2017-04-21,90.32090361674611,9.448225342731773,36.14667223785552
2017-04-24,81.95591246559383,8.385885465283058,42.988924212484235
2017-04-25,83.90104904557515,7.430914400748217,40.92412244703477
2017-04-26,86.31016127436364,7.506857583824936,43.10716916701828
2017-04-27,87.71082746909637,6.78836969357459,42.77630411945734
2017-04-28,91.54324369215678,6.965154639685195,41.63771319169382
2017-05-01,96.56397499790776,6.787071295060475,43.494406647669855
2017-05-02,86.49853857333154,9.227747546505714,35.96320423271049
2017-05-03,86.61346332009833,8.668629812956919,40.07599558723679
2017-05-04,87.72490579886016,8.029770459810281,41.956026429722876
2017-05-05,81.25683875813368,7.162958964383347,42.02733980489284
2017-05-08,94.0482789399924,7.491071719462086,41.86636097066015
2017-05-09,86.99256597459586,8.151301352470304,41.32795353193674
2017-05-10,91.37085635094039,7.231083215057575,45.59065345080576
2017-05-11,108.49723612206827,7.201245673648048,45.868048803051636
2017-05-12,94.24425241388218,6.445291132597313,42.59125828670467
2017-05-15,90.44306586937522,6.490492498243994,45.08320564403076
2017-05-16,93.03225160229685,6.437630306476479,48.762555411247305
2017-05-17,101.3540361778666,6.824959253102675,48.49815009905987
2017-05-18,94.59721077368104,6.84453858966431,42.77742513778203
2017-05-19,87.78240554367736,6.651079484871709,46.933306377152554
2017-05-22,103.33398910109028,5.3574522069111135,45.096932822411084
2017-05-23,98.08796409282925,5.3480584424706965,51.1653831945139
2017-05-24,113.98154665489075,4.051116954528995,57.25682736384422
2017-05-25,108.9928667495139,3.671299439678053,50.79868438116751
2017-05-26,99.37680730212972,5.298330789956724,49.54141649433445
2017-05-29,107.76692474889975,5.0084909012134675,52.549441768313855
2017-05-30,101.81257031743858,4.410154798235364,48.01936654318189
2017-05-31,107.92554417735457,3.84483456586451,51.48074679153753
2017-06-01,102.7004106287862,5.079101136991922,51.40044218189888
2017-06-02,99.1040639062807,4.397630602325028,51.23331369054749
2017-06-05,99.80208222248977,4.343688286796333,51.79293356363587
2017-06-06,107.31587333208805,4.614137025675881,53.112923353766746
2017-06-07,98.46798383312921,5.814513563872713,50.949487537319555
2017-06-08,94.81390483372039,6.327734788634851,48.157747155038585
2017-06-09,93.70287542110744,5.475695716168963,48.18062167985057
2017-06-12,100.74311958019831,5.81437422732599,49.70896541971117
2017-06-13,106.35782704896462,5.472437435049005,46.78643647936216
2017-06-14,88.1173803373503,6.835202297817988,46.00689490131782
2017-06-15,92.90457279340521,7.708784297356202,43.5937425822951
2017-06-16,103.18262133769733,5.860597412148764,46.726000971706064
2017-06-19,95.2041289016644,5.675599071217212,44.72183630831571
2017-06-20,94.85790893290543,6.524943067789276,44.37702224373011
2017-06-21,86.79259618275049,6.429042525457585,42.45642114035597
2017-06-22,93.70065217002778,6.717839874938762,41.44124461266817
2017-06-23,85.22962207308366,8.273410101178385,40.141329844290574
2017-06-26,90.9854036434701,7.783028074142984,39.968044800518406
2017-06-27,91.53181486247718,8.609088015811446,40.76191092338721
2017-06-28,99.93511554437333,8.70431425332326,39.37822186156
2017-06-29,93.58337539023883,6.874819528883802,43.83001283680172
2017-06-30,94.56732116617731,7.525057066004269,45.80534983199717
2017-07-03,93.37248371004348,7.155255493724597,45.189969267280794
2017-07-04,88.42167892062001,7.968412696643663,40.98932542290081
2017-07-05,97.02664920848164,5.837525225280636,46.79939945792226
2017-07-06,93.975659808507,6.564095898732767,47.31778073651094
2017-07-07,96.32283032437613,5.58390168904533,46.624751016086925
2017-07-10,102.02026294684784,6.587054933216243,42.40125113486386
2017-07-11,90.79573196394554,6.128808472310826,47.19231284070477
2017-07-12,101.2391167721411,6.391694618368424,51.079855053666385
2017-07-13,100.97797528943472,5.814102709003724,45.074221427037585
2017-07-14,92.70833943529922,6.227794561298044,43.517857356980315
2017-07-17,82.62390103477965,6.990320226671038,45.671578766789764
2017-07-18,89.10721605208292,6.489244500999128,44.73450091159946
2017-07-19,97.2056071550063,7.5514445404993715,45.4259461474834
2017-07-20,90.81915456609013,6.5830573773737395,40.68438484637064
2017-07-21,85.42702928126829,7.818201995647624,44.280415837207116
2017-07-24,90.90765181376713,6.025856737638691,46.25448893743409
2017-07-25,92.33268693564496,8.243753268059214,40.812897028460554
2017-07-26,93.046268347974,7.734665340081221,43.41182501606872
2017-07-27,91.61011039611391,6.450421367794618,46.66249313216849
2017-07-28,86.82386836807264,8.126515676755844,43.23812358041646
2017-07-31,86.01382449376628,8.137067321920432,38.69342280509158
2017-08-01,82.61768258450128,7.923145695155182,42.06261650375632
2017-08-02,92.49158856490537,8.392045128572356,38.18165537810358
2017-08-03,81.2474743963197,8.30391796856961,37.29005575281334
2017-08-04,86.72371765557222,10.01534376078866,35.62483777058695
2017-08-07,91.74904619790425,8.181982129745975,37.80636347612247
2017-08-08,91.00537721532672,8.544216418573924,41.89378203765431
2017-08-09,86.39883135098499,7.7290426633150675,41.250263766233
2017-08-10,92.01892749434475,7.839502127053673,40.26111552522994
2017-08-11,87.62119546827266,7.9134338751982565,40.01957041323097
2017-08-14,82.17462366401705,8.16199286490953,40.377239159371726
2017-08-15,89.29367849873155,8.447964829613264,43.21234113618675
2017-08-16,79.33242751654062,8.860622396457147,40.1269092241524
2017-08-17,92.59202027499224,8.494672145420285,38.28914694201923
2017-08-18,83.84988604987619,8.691390660812226,44.600109235633894
2017-08-21,86.42912920063316,7.876381208079208,39.59704881290768
2017-08-22,88.26169021540665,8.667081625574507,42.684719619254984
2017-08-23,86.43925261212763,8.372790026844797,40.49690424333156
2017-08-24,89.94531415638623,7.738697148459287,41.32560235116829
2017-08-25,86.95598647262574,7.545333574228311,43.67681557584057
2017-08-28,91.52486458782478,8.188251831051543,42.81267299891243
2017-08-29,81.67035091319335,7.832689279192362,43.41492359657677
2017-08-30,90.21834972809592,7.770317025693304,43.93423287291884
2017-08-31,98.6620039470273,8.473843652981625,41.09534575141369
2017-09-01,84.61796837319224,8.135977114781387,41.07122666325296
2017-09-04,83.72867299082523,7.564540942421921,41.00326340323552
2017-09-05,91.53499113015788,8.069672024687199,43.59034505607961
2017-09-06,89.4935565186753,8.515554757523374,41.00129430517978
2017-09-07,89.30335206430703,8.305853868359792,42.79299510738321
2017-09-08,92.09415567035134,8.133435207689729,45.141398505682126
2017-09-11,91.41313998133636,8.946252063218507,39.347007640748785
2017-09-12,90.9711092555815,9.156202261603395,37.393116126757725
2017-09-13,84.35844498339515,9.54731637313272,36.45126365625376
2017-09-14,82.31508332835115,9.642201336681412,38.25625403746128
2017-09-15,84.32338140246495,9.832315692435623,34.67125064480437
2017-09-18,93.9695109348961,8.894426206537473,41.056981303049305
2017-09-19,79.64307371273972,9.74773227097999,36.07781555652633
2017-09-20,78.82650865787944,9.85691788410789,37.853260482405965
2017-09-21,89.65659346207275,8.560488138119528,35.21907353899136
2017-09-22,83.32585807212911,9.784242889364783,35.31419128606782
2017-09-25,71.97457798820903,9.540450632300384,37.69046278927301
2017-09-26,87.87330633273545,8.391297425853192,33.461957207927846
2017-09-27,80.88428761236403,9.293592510962299,39.695971225888385
2017-09-28,85.31486589464589,7.508103669632515,39.00934154088038
2017-09-29,87.65588925633585,8.813757107542823,45.983176641807546
2017-10-02,87.24908952530986,8.868467959890864,44.33827584604312
2017-10-03,89.11662578768201,8.31148034667727,38.81412688799508
2017-10-04,83.27804360169547,8.697904984341621,38.87893258584588
2017-10-05,88.6366079832092,9.459308968792943,41.54447227225066
2017-10-06,81.35300881909596,9.084441096115144,40.394401875097735
2017-10-09,83.64842376724164,9.481953365770668,31.68972040723106
2017-10-10,84.51773697091483,10.380606813518911,32.507923732427784
2017-10-11,77.10543691688245,10.53563598848904,35.09290320922032
2017-10-12,86.84457433527524,9.648181897323903,37.22647298214778
2017-10-13,78.77171439496061,10.142848612571463,37.082395896413345
2017-10-16,86.18698402265994,10.134064199951888,38.74956418340835
2017-10-17,82.9036122376422,9.361963966071936,33.400986696245994
2017-10-18,88.70148460380648,9.87970552735835,30.00063693893539
2017-10-19,78.78492681816697,10.639873074070811,36.64272093812396
2017-10-20,76.19892719420518,11.356129345655216,31.80274083516665
2017-10-23,78.66491865678644,10.590936258530903,30.03453678589155
2017-10-24,73.84095056357805,10.720880453811617,31.80776460023083
2017-10-25,81.41487026211095,11.639740367749543,34.64772194073789
2017-10-26,70.27880267504386,10.144425621787319,33.52615252367754
2017-10-27,73.60400309012277,10.114327312950637,33.23861461702593
2017-10-30,75.49878254584961,9.961719628808419,35.30962340101737
2017-10-31,88.92028400253861,9.734893699689705,37.38539400720148
2017-11-01,94.75055303561662,8.877616445099365,36.952020405649904
2017-11-02,81.99349161735634,9.57849832267003,35.45744192855191
2017-11-03,79.11247516062225,10.24249832091598,36.009997642456845
2017-11-06,79.05720743674684,10.3450206790265,34.6735670486387
2017-11-07,84.56852023464356,10.5892875768586,34.40546615313559
2017-11-08,75.15768109158797,8.786608270517636,32.85553810819888
2017-11-09,79.53480404990785,10.265956486406623,33.39421302790411
2017-11-10,83.59248081410021,10.441537801161372,29.68323940600534
2017-11-13,79.71119765018065,10.123061258069889,33.26124842813185
2017-11-14,76.93059927749125,11.197488860281396,34.844733811500284
2017-11-15,78.1745994636368,11.605422139306667,26.928762486516607
2017-11-16,57.8067410435831,13.047012222012924,27.32032153479895
2017-11-17,72.00890989500114,13.631626538270774,27.12286353043022
2017-11-20,63.39740837575483,13.100150517592931,27.50652536239893
2017-11-21,59.621905900325345,12.730813548064745,25.68485355585542
2017-11-22,69.43228560456865,13.243958065459868,23.772703796676016
2017-11-23,79.00932946243331,11.738911077765557,25.167931267631726
2017-11-24,72.44042996524183,11.815594357418988,30.05263066240144
2017-11-27,78.26171752178475,11.246522769113692,34.20716066961502
2017-11-28,79.84202051535085,11.48953502617933,29.39018884298507
2017-11-29,79.75582125214584,12.016043365893733,29.841378779801776
2017-11-30,80.22979597860703,12.307271459173391,29.666644620346514
2017-12-01,75.98463041640024,11.52934387990981,29.18331071288338
2017-12-04,77.77133023208633,11.099137205986707,31.419592783663514
2017-12-05,69.19221317864323,10.383700575885067,34.54809150995221
2017-12-06,78.27027645005067,10.251435396343885,35.076964714248824
2017-12-07,73.8780030638677,10.886612996194065,33.6059035342038
2017-12-08,88.8789726469438,10.477128952784463,31.56746224003454
2017-12-11,80.68643126856406,9.835905373389132,38.781411111913826
2017-12-12,80.92795024907264,9.663803624268661,36.563350152028875
2017-12-13,86.6942502113464,8.917560875499936,36.84677582362344
2017-12-14,85.57033943391728,8.558988484046075,41.01789510890514
2017-12-15,92.70264885242024,8.56986241416326,37.17540356092944
2017-12-18,82.37896231970527,8.538560636347729,37.555149861261064
2017-12-19,88.4103553038172,7.366361343660381,39.05858228576266
2017-12-20,84.96858502357513,7.584188638412604,37.968566357872845
2017-12-21,78.94037595618094,8.472440125244049,40.09845114504976
2017-12-22,81.02736870610829,8.850356583593628,34.40237086379935
2017-12-25,83.40599290428965,8.981457054681682,35.23649500461726
2017-12-26,81.29579890874533,9.10854039223703,33.43055650534165
2017-12-27,81.2215493270637,9.068807202434787,38.34060128424295
2017-12-28,78.00746890994031,9.17749447999139,38.47865125068087
2017-12-29,81.95283964773581,9.083025508856046,36.12288320678674
2018-01-01,75.60516134273621,8.616208769082624,35.26141702032726
2018-01-02,88.15021452190688,8.391494118013734,35.91798352072087
2018-01-03,85.88171436399345,8.3890196395723,40.030876426583845
2018-01-04,80.34331955310553,7.9162700784842,39.62220392440566
2018-01-05,87.75287597427868,7.2902716270192744,42.606907662718285
2018-01-08,86.45649949003194,6.797621288378837,40.892463766240205
2018-01-09,91.67282264716347,7.252702062496013,42.91983805684284
2018-01-10,93.4572804581513,8.40195625304809,42.67282724565882
2018-01-11,78.23840231807203,8.393948566342594,41.883030100511135
2018-01-12,88.60477043636408,7.713878463289094,40.197402394037276
2018-01-15,87.77213373718453,7.6503016601738505,41.94399622697515
2018-01-16,89.37600094562944,8.031825704732068,39.033145073472404
2018-01-17,84.92317062374903,9.019983544172465,37.90865098130989
2018-01-18,82.2036465305323,8.084912385597995,38.821397787622786
2018-01-19,84.28911320317998,8.815468186242331,39.08461674936403
2018-01-22,83.26725499224088,7.295220684968362,40.85972491334209
2018-01-23,92.68405672151225,7.994179906643956,38.491298372225536
2018-01-24,87.47009155087046,8.309670342718185,38.490892326653096
2018-01-25,98.74605434822777,7.781892028295568,39.15299058193463
2018-01-26,87.90470739395488,9.29451396623325,37.955466388263574
2018-01-29,84.85821918235764,8.074836758056465,38.865624378241506
2018-01-30,79.90713047643574,7.629047091704027,40.92570184323316
2018-01-31,77.59101160335553,8.300590380296653,38.16945745749267
2018-02-01,78.06768602267051,7.614785398842284,40.518503231735664
2018-02-02,87.76826653602281,8.351541805110273,39.893902458229164
2018-02-05,88.0187611537881,8.214687962090013,35.16934360135272
2018-02-06,80.0806947786248,8.461033065583713,42.29993738503248
2018-02-07,90.67262525472704,8.175871441615616,41.26967255444327
2018-02-08,83.40838513760656,8.48569444309644,37.3800424473481
2018-02-09,85.67819333940314,8.44616400942895,39.54855429539653
2018-02-12,95.89928718945998,8.909879663880949,39.16564156131875
2018-02-13,92.71549018053368,7.781555216639541,41.368810954401184
2018-02-14,88.95232944061412,8.34253285170378,40.192240196197524
2018-02-15,82.8679008069929,8.576110397541798,36.90668354548285
2018-02-16,77.09888545916134,8.276542747215728,40.127837470129954
2018-02-19,86.04145746084262,7.775060559395078,41.98046015024137
2018-02-20,88.7461408414671,7.746450640206731,41.55598463947498
2018-02-21,86.99685514998036,6.052975513893125,41.581503472857094
2018-02-22,90.24189105007402,7.136014331540737,42.37383378988938
2018-02-23,94.10113018070054,6.993361294115486,45.826242579591494
2018-02-26,97.1903871041048,5.396884654976648,48.64621419961382
2018-02-27,94.33897698814859,4.900157603531743,48.55674448039783
2018-02-28,97.54125820929798,5.799301562345182,46.183258236189786
2018-03-01,101.81445705154678,5.950864307202812,52.04700118220712
2018-03-02,97.31190270794694,4.93247133397707,49.720576898261314
2018-03-05,108.77283993958598,4.539453485103328,52.26375412481441
2018-03-06,100.38486374524159,5.256273536863316,53.02213549091711
2018-03-07,100.40848330366613,4.7381876925804995,51.19749257720421
2018-03-08,101.16640628315614,4.741730664868305,47.81395217102534
2018-03-09,96.95411093022246,5.590759437458987,45.78442861210275
2018-03-12,98.54543190996704,7.336507199153896,47.406986857393115
2018-03-13,93.67977443620168,6.801965056537209,41.337165357121066
2018-03-14,89.1125969622168,6.834612051457743,42.190839355804954
2018-03-15,94.45073092652254,6.689277576739552,43.68729444438558
2018-03-16,90.02558324951687,7.016014723256457,49.28346822961414
2018-03-19,94.29030473352522,7.37610290652038,46.070164925563745
2018-03-20,95.55000104837347,7.180352366325124,44.851021734176335
2018-03-21,94.24758902678205,6.098434066513786,45.84551457408876
2018-03-22,94.54655833664523,6.350500770913575,45.16328813218733
2018-03-23,87.1296396506849,5.106957505746331,45.98458567416275
2018-03-26,91.54981629634369,7.165107004297012,47.677859743399935
2018-03-27,95.52248483312218,5.651545142511883,43.55020898703543
2018-03-28,96.1904467038297,6.260596595920637,49.76093526935078
2018-03-29,91.23769156722922,5.357331918218826,48.938509834263506
2018-03-30,103.28294376399815,5.46696544671199,49.89752676096338
2018-04-02,97.53413059842393,4.115117574601041,50.47287460557181
2018-04-03,105.43681087362748,4.54868115191364,50.142262215087136
2018-04-04,101.66350277034859,4.848555908177969,46.779344591693196
2018-04-05,95.05011335892162,5.155553125502302,47.66161261697187
2018-04-06,106.04685013286769,6.124093038435122,48.8650314476514
2018-04-09,89.92733725642469,5.473688249666967,49.51376718496811
2018-04-10,102.8693253454722,5.541882094151384,46.49085222446175
2018-04-11,106.1174745636168,5.330338832802303,50.1049103560809
2018-04-12,96.61996934051973,4.7501342212675635,49.67720434896217
2018-04-13,105.27068574001613,5.063950744702575,45.939691025385905
2018-04-16,98.00095777947254,5.071940099293048,50.621091247867284
2018-04-17,99.59021241030464,6.053176538204014,47.1620775344438
2018-04-18,100.7142170932725,5.243901840622582,49.168675222208236
2018-04-19,99.14691023376625,4.779779367416454,48.959941712015485
2018-04-20,100.84100707692343,6.04519689781289,46.01154727190404
2018-04-23,103.84941971654571,4.478359896635628,49.897392114377375
2018-04-24,94.73107159378478,4.472246890227552,52.17407943784573
2018-04-25,108.76985529339767,4.642265134099155,50.942399794697856
2018-04-26,93.16029101895657,4.477908024646822,49.64763997599052
2018-04-27,107.20721276229304,4.0695866656301956,52.172410647004476
2018-04-30,108.34692100469672,3.87831070871857,55.34228102740367
2018-05-01,98.57565171482848,4.259787701696839,53.3026373651066
2018-05-02,105.99682150366424,3.6017670153852395,58.03040613740013
2018-05-03,102.16847514601939,2.7570965043733358,52.992305016029874
2018-05-04,105.02579884792848,3.7040923519327027,54.89082587811666
2018-05-07,101.8015941224144,3.1210451048631898,50.311587519565194
2018-05-08,105.77820812480597,4.237714768806583,48.45607924253065
2018-05-09,108.36519524830972,4.531057654136631,49.88149582336568
2018-05-10,112.38118629869703,3.194466480322271,56.43587410238758
2018-05-11,101.55670451378339,3.4398606509364757,55.175690142345466
2018-05-14,103.76901118123006,3.462330084277381,54.09734985657333
2018-05-15,96.36508379670245,3.9505276747113873,50.52130494857553
2018-05-16,103.12971097222243,3.1165701646209714,54.97673467575165
2018-05-17,117.0371843219379,0.8276528442248614,59.763094635141435
2018-05-18,119.22910272835112,1.1518527710299746,58.71446391711467
2018-05-21,104.00056536617392,2.153489979678031,53.94164512721865
2018-05-22,109.2983101839472,2.1636854230988587,57.41483791374401
2018-05-23,113.49238567416965,0.22014396389630964,60.090155315925784
2018-05-24,118.7186349045344,0.42067763431509464,64.06095365186165
2018-05-25,114.43766788148007,0.1154547014692171,59.47200846861632
2018-05-28,119.88740652183462,1.2523935642256814,63.001078023675916
2018-05-29,116.5792142255442,0.07038635391887138,64.49740576043199
2018-05-30,121.0935567676732,-0.09996003814568666,67.57358756858088
2018-05-31,125.53820372447782,-0.6310670510711017,68.49080203181937
2018-06-01,123.85344189572861,-2.020615876572082,69.03114054762305
2018-06-04,123.77275047321939,-1.1045663731471904,67.86612893098531
2018-06-05,127.74522208711443,-1.9656195239577514,67.40394905581107
2018-06-06,130.61577429279197,-2.5102629523673645,72.50708630249119
2018-06-07,130.50495371458726,-1.1256333627813175,76.26952029841557
2018-06-08,130.72679239002872,-4.047249645590348,76.80248858257202
2018-06-11,140.30743592875444,-2.216201694177161,75.65674826176871
2018-06-12,137.53181524895376,-3.825528262012071,76.90409515253916
2018-06-13,131.6159450771273,-3.1296722146167713,75.57928929722677
2018-06-14,137.31546530757257,-3.4804294439053467,74.26078247024262
2018-06-15,131.37491821158414,-3.473122081790067,74.5228911581659
2018-06-18,138.96712849416704,-3.560292790677834,78.16426803132802
2018-06-19,137.50661999243886,-3.749847890075599,74.85869076200257
2018-06-20,135.50409644746708,-4.768738640207895,80.26001295703585
2018-06-21,138.3720648928519,-3.658080482189246,76.45605388886626
2018-06-22,125.5593872214982,-3.5615391979027966,77.71119020457066
2018-06-25,129.27243776934608,-4.291603447993959,73.36607631642627
2018-06-26,130.227618444182,-4.274317298042225,78.31974100946226
2018-06-27,141.23846839660672,-4.5023636222657615,78.9192744201959
2018-06-28,148.57077145030763,-5.2447166567286585,77.10061295581326
2018-06-29,151.50299783917322,-4.907397467947707,80.69694091597944
2018-07-02,144.03551998283535,-5.57679425676563,82.65289193391561
2018-07-03,146.5043934098808,-5.621081833827821,81.3102453991819
2018-07-04,134.80429129962093,-5.609641123201053,79.85915305687166
2018-07-05,141.65425402325516,-5.167601338833118,83.09202773777406
2018-07-06,141.64449728181717,-6.483635983089202,84.01269137346442
2018-07-09,142.8523962964155,-6.15483116953882,85.56411497086232
2018-07-10,144.22304796564606,-6.216907994873036,85.6970144366565
2018-07-11,143.091494155881,-5.715050870160157,83.97012992073
2018-07-12,137.70271149220724,-7.259218829825914,89.41041453765317
2018-07-13,149.28573122585175,-6.0140423298773795,84.60810444801865
2018-07-16,140.4484041648588,-6.5503784714477975,83.66623645815457
2018-07-17,145.60811198423525,-6.13506350447412,80.08577352955395
2018-07-18,157.17238427027905,-6.654616488158106,84.57615915051453
2018-07-19,139.15867415402948,-5.812779079777067,82.14392394314895
2018-07-20,129.9863158036868,-5.71755287591559,83.89892465562677
2018-07-23,141.96215605814695,-5.740687700301609,83.46910012379432
2018-07-24,152.02802340100902,-5.841747277722949,82.53368067624689
2018-07-25,156.18346197497314,-6.105206333159938,85.13830230072472
2018-07-26,139.13357767822168,-5.8857541163725005,85.30405658132095
2018-07-27,151.5271359055476,-7.488679710353179,89.83879256079939
2018-07-30,143.82105970463223,-6.981523411247284,86.38571692622749
2018-07-31,141.22025830377163,-4.959849739704206,82.8341933650922
2018-08-01,155.85174571048418,-5.2194838475848515,82.09269372077958
2018-08-02,134.111068884718,-4.670144793797951,81.99606440586723
2018-08-03,140.85215319990522,-5.197854036092701,82.18660097073658
2018-08-06,143.3386336458582,-5.364816274437935,78.08457104531398
2018-08-07,146.9167008392702,-6.191684384906079,80.41694825649617
2018-08-08,140.8495277204545,-5.2861385413054345,78.7245714673125
2018-08-09,139.33925585327873,-3.951465533649828,79.1075586042709
2018-08-10,137.58567497520954,-5.119227142693723,82.11838271054044
2018-08-13,142.18995487446134,-4.890840144458543,79.43929155273473
2018-08-14,138.93000706319,-5.2567436631681685,75.70386759556891
2018-08-15,147.44710188205264,-5.922782094082315,82.42999033453034
2018-08-16,140.35102121990192,-6.123613919937852,83.47625213912487
2018-08-17,141.03352452778154,-4.744400914750699,80.4362767246027
2018-08-20,137.61789235008322,-5.936619590077389,79.17952730950223
2018-08-21,143.30328563965796,-4.511706675530272,77.69478918559888
2018-08-22,137.90274466650007,-5.355164942968196,76.0617234908923
2018-08-23,128.81207882769542,-3.8163130339090525,79.28851951979632
2018-08-24,144.6909594653284,-4.206634314057353,77.11745035124957
2018-08-27,131.34961160906443,-3.736232787361346,81.27689830179408
2018-08-28,135.49697062827997,-3.930947466801326,80.21536615785207
2018-08-29,135.62319349452147,-5.124833251597151,77.78982836844628
2018-08-30,147.70828209376927,-4.335341308021016,79.40429822615914
2018-08-31,130.84317125077712,-4.914289798037455,80.95526832727576
2018-09-03,158.12379142727812,-5.727039833354012,81.34728272519011
2018-09-04,148.85486736477282,-5.325835756269168,84.91460504064183
2018-09-05,145.586195010123,-6.670646866075114,83.72533266909599
2018-09-06,145.48097595613083,-6.851118570566905,82.85332099159216
2018-09-07,149.84152139376542,-7.407732616489135,90.09119463491942
2018-09-10,151.41240550077677,-7.466187193752027,86.7037116822005
2018-09-11,153.4508788038074,-8.084479039894402,89.20628000748063
2018-09-12,152.8233518154999,-6.899790837822999,86.31754409922246
2018-09-13,153.37346732265783,-8.360818179280313,90.42040419277524
2018-09-14,150.58608721072642,-7.7169423438873235,89.30180446648369
2018-09-17,154.41829375981712,-9.078840727728013,87.60169654937121
2018-09-18,154.11980287503258,-9.683887719473258,95.3513084285183
2018-09-19,157.90164455689523,-7.923169838944265,91.75588447626504
2018-09-20,155.4567865137858,-9.07837821330526,88.57236154449414
2018-09-21,136.4249564141103,-7.816041919900665,86.1406352096621
2018-09-24,156.08769056805798,-8.886204190768698,90.30126324166397
2018-09-25,152.47661970039826,-6.882096682085693,88.80059944393209
2018-09-26,150.51702807814533,-7.196961604006345,88.66926679240758
2018-09-27,144.88889813303933,-6.654995703985201,85.506772591251
2018-09-28,151.5474413599157,-5.849866101169069,85.45764029860106
2018-10-01,145.816751417342,-5.6929377654147935,83.70395072882938
2018-10-02,134.0469251206382,-4.206088675604018,79.56969150507449
2018-10-03,141.46740420766756,-4.758130476151857,77.47479608121375
2018-10-04,136.1454594166401,-5.118925731669795,83.47793302243478
2018-10-05,134.9565673889718,-4.827487803175728,84.67222278666391
2018-10-08,136.7871198037082,-4.613930430274604,86.24464291401769
2018-10-09,144.13725057628784,-4.811958972181004,77.62197434430135
2018-10-10,144.58370336307337,-5.781963252162379,80.34932262844524
2018-10-11,140.0667758582943,-4.855360337091692,73.9618141619779
2018-10-12,144.13362429558214,-5.188390807133398,81.48740733376502
2018-10-15,144.84376137806828,-5.5190312984850465,80.60075186053658
2018-10-16,138.6135336187194,-6.020337261045502,85.21259778577551
2018-10-17,144.0343259961929,-4.262839980416595,79.85680501458025
2018-10-18,146.29352651485675,-4.814672694552795,78.34024309060422
2018-10-19,141.97946580093762,-4.250943127771195,77.71347938249727
2018-10-22,143.65822124420177,-4.392395166065265,74.33426524768713
2018-10-23,139.89120512683826,-4.193525957658814,78.76446332713934
2018-10-24,136.10368690875106,-4.062570697771899,71.6296683107697
2018-10-25,139.13499647685333,-3.4073210620583714,75.39509912631974
2018-10-26,137.24701204272495,-4.216028314671188,73.8790901145153
2018-10-29,134.25193080536567,-5.286206303116881,78.35538243705493
2018-10-30,136.70361126221985,-4.212648311862221,81.42596587306308
2018-10-31,134.93959842061875,-4.743657435575123,79.71937951635984
