,vecm_resid_Stock_Close,vecm_resid_Interest_Rate,vecm_resid_GDP_Proxy
2015-01-05,-5.661600048245276,-0.5752514322511244,2.3755803116064698
2015-01-06,-4.064659037288067,-0.8072209114166324,6.852793409364523
2015-01-07,3.4989613530316603,-0.7223534532468894,-0.6181917702248896
2015-01-08,1.004973652621473,0.8459778183383841,-5.857767753289508
2015-01-09,4.859002509202938,-0.7207391055485042,4.237699836396317
2015-01-12,1.6097277861034343,-0.883494394873904,-0.6063310627646672
2015-01-13,0.9329406548340415,0.5764628599342725,2.7538018886067306
2015-01-14,-5.844674229975595,0.4076992090772049,0.4393742411663055
2015-01-15,7.934857406999072,-0.9769288446320314,0.026263990282423322
2015-01-16,-3.7743897936968267,0.2669784577523231,1.4032170959807289
2015-01-19,6.480035735950594,0.13316282088743536,-3.696115657491525
2015-01-20,-11.35238109427344,0.7637632240401602,-5.017269479151409
2015-01-21,-1.5881888380087332,1.682374265051056,-2.9918120282269953
2015-01-22,-4.207561702387039,0.3156569643586504,2.467212989027864
2015-01-23,-8.460877916148888,0.6456959874289323,-4.618796214246842
2015-01-26,-1.2150037192452032,-1.1748100133588881,-5.284063625069585
2015-01-27,-7.768551780552258,0.7807485761080786,-0.9243334505612282
2015-01-28,-4.380184011504838,0.0809176443428532,0.1333983996988195
2015-01-29,3.214801455338545,-0.20645159375236677,3.1254512905740484
2015-01-30,-4.006463427656911,0.38601292891067995,-1.795991489904992
2015-02-02,1.8151273529770293,0.533336994035035,-0.888102585875366
2015-02-03,9.945117147022543,-0.40539833739747966,1.438212592616253
2015-02-04,2.772323839758215,-0.539852240845363,-5.690576951954682
2015-02-05,-8.008510877183468,1.0301840970763108,-0.6090408972473469
2015-02-06,-9.927752470981005,1.7697594958039646,0.3620037679867565
2015-02-09,2.3886398327028644,0.17271088400704215,2.438898095483111
2015-02-10,5.115184866583448,-0.04576184617874901,-1.0688493576926845
2015-02-11,-5.509385091676492,-0.18547074069438185,0.20993238031304173
2015-02-12,-3.063776919167566,0.7767340460407643,-6.2241440600447575
2015-02-13,-3.1585055786440535,-1.8730823019721115,3.186890980299637
2015-02-16,1.251710783278952,-0.12456923065375136,2.1118542380380205
2015-02-17,2.1267461614184384,0.7405645389376412,-3.969714414785898
2015-02-18,-1.5245692345139048,0.05565462848220992,2.3235231174510886
2015-02-19,5.999072543835879,1.5643029629024614,0.6530240775925478
2015-02-20,-3.1474211636681275,-0.3460524108693992,1.167808188464555
2015-02-23,-8.574621776182468,0.2835340974608407,-1.600413603025011
2015-02-24,1.174137624995197,0.7960848656597737,-5.95635932378687
2015-02-25,6.4494831810350775,-0.9370772555683509,-0.5092726098956177
2015-02-26,4.202657317446636,-0.23880943743404082,2.3787674986886103
2015-02-27,-8.178389736161506,0.24126979910609592,0.7585631123256462
2015-03-02,3.293410363455706,0.02379510495549475,-1.6203475957491804
2015-03-03,-2.909268996151283,0.4109470329196654,0.17683935181121768
2015-03-04,-6.280672194834949,0.4609818710612448,-0.37749022396634757
2015-03-05,2.4476557198529036,1.3695421864035904,-7.032019777908424
2015-03-06,2.0543323505004167,-0.03349189879971881,3.5593005023467015
2015-03-09,-9.618760511309347,-0.3485942599641607,1.6151094987417522
2015-03-10,11.385651911421434,-0.599814499470865,1.132688356131105
2015-03-11,2.7505614396341684,1.088129270371784,-0.546426221487252
2015-03-12,-6.3248645095612375,0.8447980360690703,-2.9546118626157494
2015-03-13,2.6103053450606097,-0.6187896954761101,-0.4542680171606719
2015-03-16,-1.334634045046272,0.08936822709251224,-0.9764924275155451
2015-03-17,-1.5573142765708212,-0.09868238293409881,-0.5328336624394403
2015-03-18,-3.1527923803307516,-1.1721378562187645,6.043396456888978
2015-03-19,-3.0116350968575887,-0.4857509739402328,-1.9757732485680464
2015-03-20,0.25592022512375934,0.21280314285924362,-3.400334394386441
2015-03-23,3.45091798563935,0.774368510920544,-0.20835767630436663
2015-03-24,1.697406810050893,-0.030942919814449965,-0.9612985908195242
2015-03-25,-1.5555190179991314,-0.5995163395425998,2.6883866808073336
2015-03-26,1.7436578720608509,0.4035024121382076,1.4685757465020828
2015-03-27,-14.511683149631793,-0.051521134015439785,-0.4307854008147345
2015-03-30,7.633238847106668,0.47253531337541865,-2.528733778857095
2015-03-31,-9.08628503195689,0.5337760978079267,-3.4484609744241794
2015-04-01,0.40381587028925026,-0.28443140656079535,-1.9876289660401802
2015-04-02,-0.4540034455719706,-1.4525395850934082,3.861627935825382
2015-04-03,-6.2965439689633484,-1.346571047070487,3.5243493885341834
2015-04-06,8.922891521040768,0.11812116372543358,-2.7041334285648375
2015-04-07,-0.8437147831703982,0.7238753333012582,-0.056211729772400076
2015-04-08,1.577738359601696,0.4639392736600847,1.5601032476213348
2015-04-09,3.315293729546596,0.12130035568251962,-2.10589153681633
2015-04-10,7.559953014400165,-0.6452002627235842,7.468336474156338
2015-04-13,1.5053218372955683,-0.29350650557054436,1.3332146202754913
2015-04-14,-0.7723115761869508,-0.7343737444262892,5.071442281281833
2015-04-15,3.4033114899254286,0.8282071886095714,-6.551492315797411
2015-04-16,-0.19120186916315163,-0.15091729632954376,3.1585847273124656
2015-04-17,-9.129349980021303,0.5188507608532955,0.7629102088434081
2015-04-20,3.815555520372044,0.5667186644956921,-1.2831147445153803
2015-04-21,13.892746055171045,-0.4799071269929467,-0.21467321280492513
2015-04-22,0.056093692372201076,0.8269302524100315,-3.3805772978597943
2015-04-23,-6.836947374717681,0.6327400153997349,1.9926490584830816
2015-04-24,-1.9196220687031058,0.3577526734781866,0.010584912226939025
2015-04-27,5.0276862824427155,-1.6688504702095877,-2.1476860686622032
2015-04-28,8.721864916115408,-1.0761778820538765,-2.003818461502533
2015-04-29,-9.906861866063252,0.8992558297056448,-0.9750168710289344
2015-04-30,-6.691660548760481,0.21976654032842013,0.47191195305099853
2015-05-01,3.439549877615107,-0.19901782597922946,0.3361184534452093
2015-05-04,-1.2874531819755504,0.0031515443987739644,3.2095202570175587
2015-05-05,-4.270399189407769,0.3131071903390801,-5.220278320908182
2015-05-06,0.07010985934577718,0.43232273874472327,1.5220287242750388
2015-05-07,-0.15383829664780535,-0.29924871460947067,-1.7263082646839365
2015-05-08,3.1613421616692534,-0.7996317183977073,4.7935948692853
2015-05-11,1.2642730633904193,0.4945627090743603,-0.3700218763355423
2015-05-12,0.32183362335905485,-0.42803176811032806,0.5091526294136486
2015-05-13,0.5921546804599416,1.0732544895314753,-3.071828525523962
2015-05-14,-3.87423744948579,0.575856838271612,1.512904244504142
2015-05-15,-0.3503144024171121,0.4803214846363719,1.7463029107152224
2015-05-18,-6.3654090393262805,-0.7083409780376595,0.6347257557603854
2015-05-19,8.424099143740847,-0.710845227718119,-2.4569247818024564
2015-05-20,0.6043593455367784,0.9634850909970005,-0.9891534706572429
2015-05-21,0.2879400295733774,1.036089912582069,-3.2553565080833877
2015-05-22,-16.21342399422248,-0.18566213396434428,1.756733621616462
2015-05-25,11.30740571060349,-0.13646110108879483,1.0482450926120634
2015-05-26,-1.4528060120534292,1.5443375691063075,-1.9843092674539022
2015-05-27,5.734212781170967,-0.3270965751121562,-2.3153342271042234
2015-05-28,-5.583516850560997,0.8484843020670514,1.1526479279800306
2015-05-29,7.650261799924806,-1.7175377776170802,1.4152836047429673
2015-06-01,-3.7801906118241106,-0.10273851920816313,2.5608961582265053
2015-06-02,-2.9686452204461347,-0.38845455994255396,1.65324576356997
2015-06-03,13.048918662431078,0.2704497479914991,-5.138461361326783
2015-06-04,-6.465637652161945,0.5062037856867381,-3.067816780597205
2015-06-05,-5.230944923769968,0.18970289723661082,0.978157914573714
2015-06-08,2.222414865887231,0.05039767409598106,0.1317508476952547
2015-06-09,5.252822450457003,-1.6743809656207453,2.1400980182422735
2015-06-10,-3.078105972443467,0.33707015992861145,2.477821574917705
2015-06-11,0.29261075733705866,-0.3874533994788969,1.7508981094590013
2015-06-12,11.741238714505329,8.186988970670939e-05,-0.7166019925414631
2015-06-15,-7.381827064820783,0.42426739360883836,-2.397612721649139
2015-06-16,-2.5267735163190537,-1.3921118384159765,4.315588730854088
2015-06-17,2.1489908123437544,0.22987315266308705,2.6138283042317383
2015-06-18,5.349655472207445,1.331513181558769,-1.4315454394126235
2015-06-19,6.227234069143051,0.3121476329073136,-0.30761358417972673
2015-06-22,4.165375490532767,-0.9137762235266589,5.305907572679956
2015-06-23,-10.88229558414055,0.5017189991765729,-1.5377508783165297
2015-06-24,9.943998698595223,-0.1388513793579218,-0.24843960415078925
2015-06-25,-2.7525395170432887,-0.813774891148741,5.4487604518496155
2015-06-26,0.5286185443244449,-0.4333533337923612,-4.435448065887769
2015-06-29,-5.021476446124126,0.9379834287115418,1.5831073982115598
2015-06-30,-0.8606596605470855,0.3081805723961608,0.31133236433081635
2015-07-01,5.440263027464212,0.2965244771225741,-1.903590994923995
2015-07-02,-0.6374150753192822,0.7977164043256426,-1.6933370285948754
2015-07-03,1.3426122829557983,0.03841086055309084,0.3858094435066235
2015-07-06,5.081800678944646,0.8687816532429515,-4.560022529100568
2015-07-07,-0.06389556813734032,0.000847147581595209,5.979540604087973
2015-07-08,-6.328446988284483,0.31708673847155033,-0.14404561578149355
2015-07-09,9.360435426256387,-0.8787452742381365,2.0571025277024972
2015-07-10,2.9417400105876084,0.5480710554120396,0.8031597974877016
2015-07-13,-9.58960144361609,1.3613384448550363,-3.001851992338999
2015-07-14,7.816598896044624,-1.5177137247437607,3.45928949948766
2015-07-15,0.48156368905412705,-0.04108519908902153,-2.724111277915295
2015-07-16,-5.725210524349919,0.6789824153638868,0.8910255756884311
2015-07-17,8.228651790047678,-0.4387508676980776,-2.7219877395639998
2015-07-20,-4.80360442807104,0.5600071189187243,-0.289852314267101
2015-07-21,-3.7968171639717383,0.2232990496384044,0.21400459668037186
2015-07-22,-0.1114110542503397,-0.40715543181241287,2.076659334896391
2015-07-23,1.133476528767389,0.3923452198798181,2.0630227578656317
2015-07-24,-4.79696495770817,-0.5622826398877496,-2.661770307154903
2015-07-27,-9.204236646141823,0.47473056632171584,-4.727452224624159
2015-07-28,9.08022891675516,-0.07911067548376849,-0.7807446678541083
2015-07-29,-5.540885836303289,-0.887584486546924,-0.8223574612714799
2015-07-30,-8.084089964344585,0.06642822156138273,2.188184540442517
2015-07-31,-9.371504702616406,0.7773995420028061,-1.4417143552332554
2015-08-03,3.607871319057139,-0.3656040449665099,-6.935701455691408
2015-08-04,-2.5362172785664967,-0.616671467743199,1.1425392277407624
2015-08-05,8.333927378800368,-1.1041483677578778,-0.36744661359830744
2015-08-06,0.6522137023541603,0.24120016702933178,-3.829537319150763
2015-08-07,-7.644552166041095,-0.7744161278759911,2.334628752790273
2015-08-10,8.870285221694914,-0.659729445143304,3.272098985791196
2015-08-11,-2.147877019382051,1.4565134276974678,1.9236867403599547
2015-08-12,-3.2956621003364432,0.21990679956196857,2.079895142880602
2015-08-13,-11.53236563458234,-0.3201010256575234,-2.469119857190858
2015-08-14,16.30622801546876,-0.2456910840706943,0.3572865778532517
2015-08-17,-5.392563393586826,-0.2694184674411044,0.9596765421032103
2015-08-18,-9.327010172999394,0.6482456506551681,-1.2789883541466907
2015-08-19,12.51393015680678,-0.23055921070204732,-0.7016344878598488
2015-08-20,15.749203139286209,-1.4775271542101063,-0.2155425768690975
2015-08-21,0.8792694464066813,-0.7136586692300426,3.56849795095615
2015-08-24,-3.196230261182066,-1.1869152543277295,5.448017833481565
2015-08-25,-2.6032450193072236,0.2890731959390038,0.019780566896649532
2015-08-26,-0.16557876325853726,0.8957388187013162,-1.9842720275476609
2015-08-27,-0.28594301528971755,1.0082466558995637,-2.3032934881779
2015-08-28,-2.2017299391361433,0.2041412674187768,1.9880771899300242
2015-08-31,-1.8167632999934682,0.04359360414318658,-2.5598721861966993
2015-09-01,-0.41946571268218236,-0.12395026548962917,2.7459573359380016
2015-09-02,-4.5873384555739705,-0.5269288772297873,-1.365372131181907
2015-09-03,1.2469355117727048,0.5983813126736433,-0.554281528177988
2015-09-04,-6.002721320913324,-1.5173873364597146,-0.6440444596476453
2015-09-07,3.2749268447946065,-0.8096953702860787,1.294276577228672
2015-09-08,-5.440853965105177,0.8721032914199274,2.3986532317860707
2015-09-09,4.160002033351233,-1.8148188193137615,5.402377372731749
2015-09-10,9.138081782138471,-1.0425400713096842,2.563649319190155
2015-09-11,7.524653974164153,0.28586265205707306,-1.5670977930858996
2015-09-14,0.5144983717967335,0.8725827183990242,-4.744776684417332
2015-09-15,-11.031143154205367,0.6985115981847052,0.987694074498684
2015-09-16,-3.9847753448918297,-1.5206167372515687,-0.2816815150755616
2015-09-17,7.126738284074392,0.5525743228105,2.2146979705040977
2015-09-18,-3.852090895981391,-1.0246123382947916,-1.5192291552717876
2015-09-21,-0.54670589203171,-0.12844808101059169,1.464945672065042
2015-09-22,0.15150045170827298,0.42583903274897583,-0.5622201856726647
2015-09-23,-7.97657248938107,1.444573681293229,-0.3391881285422542
2015-09-24,2.2670495908124906,-0.30560547334858157,-3.8692282527934125
2015-09-25,-3.3619866004971044,0.115499869070808,0.6671406778358246
2015-09-28,-1.1471613541030194,0.7960651530096428,4.38499193117849
2015-09-29,7.004207970335884,-0.4684397358363963,-4.5880483934724765
2015-09-30,-5.281789209427018,0.2538778799590009,-4.589776840126582
2015-10-01,2.919487755062846,-0.788286042611178,-2.156791625826365
2015-10-02,-3.6776521046406287,0.4410497787567724,1.6855814838279954
2015-10-05,0.07078431259149909,0.09224897147202071,-3.1990402414028054
2015-10-06,0.9441707740185876,-0.5851159399665011,0.8746792258765623
2015-10-07,-0.11784374764083339,0.9429432975363152,0.2996002357254781
2015-10-08,-1.6314211143867823,1.003275251765782,1.118667065492815
2015-10-09,0.3570805866647646,-0.7813292453293244,3.3164802283393513
2015-10-12,4.915612016633162,-0.35762415797522706,1.911889133715512
2015-10-13,7.073954124107473,-1.4518095278393552,4.478509100990266
2015-10-14,-3.691176101917037,0.5317858822602348,-5.207277512288158
2015-10-15,-3.9408159976701995,1.1725497515016414,-3.7825741170013956
2015-10-16,-4.499227845446498,0.49330726946612913,0.07038918584665055
2015-10-19,0.08326197219615494,-0.7152548266023775,4.399581928544954
2015-10-20,-2.8809124112397626,-0.7211824340907169,2.4309192440355503
2015-10-21,21.083884579691613,-2.0027593517559446,4.778658781819452
2015-10-22,-3.526759224456228,-1.2384631883715977,3.9394434178105016
2015-10-23,-2.3296821255967473,0.093134880461748,-2.2877250338941764
2015-10-26,2.4860626248446493,-0.48554056650283606,4.9655217651723405
2015-10-27,8.8550446010981,-0.8767074281183591,3.6997368812541183
2015-10-28,0.41609132115304703,0.10065218761770112,-0.9641957572287367
2015-10-29,8.006015114292367,0.07492573502507138,3.010120450058743
2015-10-30,-4.6761130945264995,0.3638931509313914,-5.602822442976411
2015-11-02,1.0551764583459544,0.08722018224187167,-1.3104978268286374
2015-11-03,-7.629095685342136,1.2685936567880605,-1.369412639361677
2015-11-04,13.342774139773411,-0.7702812219618389,3.3454001253568038
2015-11-05,-3.105866116031052,-1.2695218439597338,1.8227059404044894
2015-11-06,-3.0080513470662,0.30665612025222133,0.14098576804695284
2015-11-09,2.8221436667549398,0.48452972584520193,2.0593039176732404
2015-11-10,-0.4603391463146522,0.7519456311222878,-1.576210953665658
2015-11-11,-1.720903072262118,0.2617868189700969,-1.6526793935364026
2015-11-12,0.9630893122140378,0.39274950291626176,-1.5202736592383275
2015-11-13,2.341674322786588,0.12971698814117438,0.07492541932342078
2015-11-16,-1.64391850323004,-0.3684817200858994,3.16378515785609
2015-11-17,2.687973254753075,-0.30630471176680896,-0.7739413683504637
2015-11-18,9.741361245894666,0.9473935779293088,-1.6574423557543483
2015-11-19,-8.051176796424144,0.1290689206398783,-0.5004307781114292
2015-11-20,-9.530505601050905,0.47070281277170434,-3.3265550381075784
2015-11-23,1.8190765381772138,-1.5836513185513743,-0.5106360500353873
2015-11-24,8.430531587914075,0.9093601022954241,2.96900001290944
2015-11-25,-4.877313234779692,-1.1763162394813378,0.5409557630147361
2015-11-26,8.519662287052128,-0.08264425495528194,2.252526518164288
2015-11-27,1.4619895757467987,0.9754384856211713,0.23771380946781306
2015-11-30,-7.027162556707495,-0.011543551441836719,-2.561731154449646
2015-12-01,-0.5756298298883564,0.23187401988273493,-0.259844243573518
2015-12-02,6.605418096541371,0.2080042998480227,2.89921938668855
2015-12-03,-5.494468906425141,0.5054433346222771,-0.5081106766440797
2015-12-04,-1.5055128336616121,0.4287400698825419,5.413053894275215
2015-12-07,0.8818697506063131,0.8997352676601782,-4.8386307378928635
2015-12-08,4.161012279661492,-2.051934797939392,4.606807439654347
2015-12-09,-5.504311320524167,1.4540334059030284,-3.2073452343564384
2015-12-10,-2.36459159366386,-0.0035984428654938228,0.3023585175769341
2015-12-11,3.307949060798734,-0.4163006839990109,-0.9229291418430989
2015-12-14,-3.615015028746413,-0.08352255921951279,-4.449893311809113
2015-12-15,3.409182409585526,-0.6467299247867571,1.8848440484301108
2015-12-16,-7.858602093288539,0.18753189096306144,-2.853079983086495
2015-12-17,1.950111045065384,-0.053588239497277534,0.8966416525781398
2015-12-18,5.5372518684431355,0.38112288127103877,1.4701188650955288
2015-12-21,-4.475311667105089,-2.124275920193687,5.652592908233615
2015-12-22,6.188541713080582,-0.6551037827320649,2.617585191164004
2015-12-23,5.787778518628343,0.18125792642872307,-3.279992154536096
2015-12-24,-10.318060168357107,1.1073244540003464,-2.1130232470025945
2015-12-25,10.867008267349334,-0.12332514018387819,-0.36999945579970017
2015-12-28,1.3508340760478177,-0.30232167735343474,-0.5888439090812838
2015-12-29,-7.505731132862991,-1.3867878160016107,4.412818896375867
2015-12-30,-2.5434420381976253,0.40522229618057537,1.6322437295727354
2015-12-31,2.6708073156903964,0.9120744005347015,-4.005474528326218
2016-01-01,1.5470807522698493,0.2545250416954774,-0.4198703575880458
2016-01-04,-4.323709916956844,2.1384592324292786,-6.084606291735028
2016-01-05,-7.080103793156326,-0.0041146835184227015,1.3513139449113893
2016-01-06,-0.6692935703643457,0.810778581232591,-0.6240286450026176
2016-01-07,-6.669865442643157,1.24266488450652,0.7309082387389054
2016-01-08,8.039335608634374,-1.7762449870511388,-1.3038406858154872
2016-01-11,-4.031464596390492,0.7985474561391044,-4.105075393067764
2016-01-12,-5.631396397418996,0.09108605845353246,-0.5133885339431217
2016-01-13,7.891667362367386,-0.06096882737109066,0.386865626525811
2016-01-14,7.5330895410085645,-0.34666730468975526,1.1691960185063266
2016-01-15,-1.8030267716717674,0.36467910265586045,-2.3971302198684086
2016-01-18,-7.25811198964864,-0.6411256514445949,4.148973834566178
2016-01-19,-2.47951951748756,0.09629340808279174,0.8832211991755088
2016-01-20,7.153813103027545,0.0016554340832248826,-4.9943029150413025
2016-01-21,-1.0715305840162017,-0.4004841379532751,3.0263735241395437
2016-01-22,7.15111115742954,0.7794576256410757,1.7664093557677845
2016-01-25,-0.7340364630580467,0.01987376573105326,-0.9984477091575457
2016-01-26,-2.640235752637224,0.791308907389368,-0.2683237613009837
2016-01-27,-2.9442364612853,0.4120906120347083,0.874156097184752
2016-01-28,2.3773352903752993,-0.996968325931511,-1.838131985288996
2016-01-29,-0.8379122802987524,-0.41966781716544954,0.3797783054124295
2016-02-01,3.6141393604681156,0.026937483052637212,-2.038191621946723
2016-02-02,2.1344163401887783,-0.5117012506442595,3.1065793118405196
2016-02-03,-5.646182904993509,-0.8119414959200988,0.12379913266148179
2016-02-04,-10.942389825931073,0.9345560605194896,1.3023794473947419
2016-02-05,-8.071633984442997,0.6379017289110864,-2.719198582035908
2016-02-08,11.730823760094381,-0.9084934681653829,-0.7311294496725296
2016-02-09,-3.255966835714176,-0.6272471751008766,-0.8486878867896337
2016-02-10,-12.515060777657425,0.9960911610682013,-1.4792944770465368
2016-02-11,6.860882311156189,0.45222052372014954,2.380447588643854
2016-02-12,17.470242521079726,0.28024456840982737,-6.135208283757706
2016-02-15,-2.4983456813071996,-0.03354014427728025,4.838648690473555
2016-02-16,0.06681082843542185,-0.5998195140727258,3.085716409537632
2016-02-17,0.7908274516742324,-0.38516474948617585,-2.681711772159197
2016-02-18,-4.94826275372462,0.7482318777520254,-2.588706518011051
2016-02-19,4.237026390512995,-0.35467848064231955,6.084900168203468
2016-02-22,-1.7360390046052885,0.5447110764086389,-1.2643867662726365
2016-02-23,6.1444496492516265,-0.5692579798010673,0.18328346435230003
2016-02-24,3.225902078037876,-1.6139052456724743,5.569945359068242
2016-02-25,-8.442803055660207,1.320961816885558,-1.3712270053908853
2016-02-26,6.05947624869971,-0.21632465613762886,-3.610376026660191
2016-02-29,-0.7650402839587116,-0.4160924969701787,1.5481153134639385
2016-03-01,-5.9816012410931165,-0.03963976252086443,-0.6991553398956469
2016-03-02,4.130630713141599,0.6948010140467638,2.8379076423466785
2016-03-03,-2.12599647360814,1.1114524929288372,3.1319644018351553
2016-03-04,10.836103542035389,-1.2050096484526867,3.827115244660682
2016-03-07,5.02281255176986,-0.38335698798212103,-0.0846619182070043
2016-03-08,7.230640048557376,0.09964135621821146,3.498393645683443
2016-03-09,2.08502077848253,0.6733821100145612,-1.024302403173749
2016-03-10,0.8280982561847736,-0.16687196954736283,-2.409220746755068
2016-03-11,5.1749629408922715,0.24201187815657477,3.49757081976626
2016-03-14,8.384183295078529,-0.7388508737526687,7.436449527608723
2016-03-15,4.165303619718145,-0.0631534328926513,-1.1639396190614448
2016-03-16,3.0246671422908236,-0.5400324582443887,2.4021154893124077
2016-03-17,-7.337300096858613,-0.21395335416629324,2.8416812906171174
2016-03-18,-1.3216085631825365,-0.17934702460641372,0.5791374413056687
2016-03-21,3.466873514542357,-0.6776495926943915,-2.7016793761846998
2016-03-22,-1.34430414895904,-0.5597739467317959,2.566899598364259
2016-03-23,-1.9260778776387752,-0.30073220629175745,3.2349852549153653
2016-03-24,1.9411816620374935,0.7350255798170111,-3.174723929316251
2016-03-25,6.79797896520337,0.1115716884849256,-2.218955231200603
2016-03-28,-1.6593432127247496,0.2604710193526665,-2.72093511923714
2016-03-29,4.867316811149465,-0.47915719253165756,5.588232318776875
2016-03-30,-1.2514769636020873,-0.18310080753958147,3.3204429325880156
2016-03-31,-11.666686912920014,1.069950287512905,-1.8796149158824633
2016-04-01,2.643879574675964,-1.25144079083009,-0.04765808790418902
2016-04-04,5.036589011262819,-0.7548266921505893,-1.5951132422842633
2016-04-05,-4.725586492470626,-0.02860530903373082,-1.4113183662589819
2016-04-06,5.805641986682815,-0.38202510876561613,3.815822512829868
2016-04-07,8.953399981904965,-0.4413185984722867,2.2544164717008357
2016-04-08,2.4159354915710622,0.6862496613779108,-4.927940828004154
2016-04-11,-5.344817278661992,-0.6256899982386175,4.628517777009449
2016-04-12,0.9243422095083247,0.7304751637105209,-1.0845669122404402
2016-04-13,0.9372578046804136,0.47504158637231875,2.646912459583149
2016-04-14,-2.0523575166199493,0.31715939470263255,-2.887205903167974
2016-04-15,-1.9457494971931482,0.2730567788017404,-3.2592264964103776
2016-04-18,-2.394033073344289,-0.1626834222840512,0.6553060736250771
2016-04-19,-1.486801428482039,-0.33942405467582315,1.9776702675240685
2016-04-20,0.7459510367820457,-0.12040257391540576,2.227698533169871
2016-04-21,-0.4462334914911281,1.1934398500784864,-2.3626493764746925
2016-04-22,2.6626207871878336,0.20859452354483876,-1.511976361811854
2016-04-25,4.223138853794822,-0.10187172744316442,-1.363072358951726
2016-04-26,4.351284720861685,-0.30361952625949185,3.23719624148859
2016-04-27,-0.31234791125970673,-0.4383208648112249,-3.0421390467695417
2016-04-28,-12.635772730676095,1.1056397398151647,2.8414978895063
2016-04-29,-15.499287971975818,0.483156677961051,-3.4281726032528894
2016-05-02,9.64403222233021,0.11790964405106141,-1.8246257891485413
2016-05-03,-7.87172571208248,1.2539948651601973,-2.767712761664775
2016-05-04,1.5852205800986354,-0.05969957969274109,-2.124411408552696
2016-05-05,-2.2559567668586595,0.31051222354892793,-1.689869582884448
2016-05-06,-3.1329756667836364,-0.8857266831990032,2.1847355000357638
2016-05-09,10.104244386355774,-0.8252668846127094,2.6287395826436537
2016-05-10,6.453303962112372,-0.960151642988051,0.06126759229780987
2016-05-11,-5.914221463429939,1.0051309934337738,-1.9037830464563825
2016-05-12,-14.810076358824048,0.37847147548509597,-0.8256822664383492
2016-05-13,2.1094741573297,-0.5401503363763966,-0.732869940844374
2016-05-16,5.3867391829706435,0.072356345142639,-6.157741644492425
2016-05-17,-7.639798341195629,-1.2782569193410285,2.898992829691352
2016-05-18,-3.949154656539079,0.8915367246028856,-4.017994076784582
2016-05-19,1.9105736413625323,-0.79332063852054,-1.8714102965807626
2016-05-20,2.871599392331376,-1.4564314365483373,-0.04803301088065837
2016-05-23,-4.993793878207313,-0.6628311077425146,-2.125902861195783
2016-05-24,-11.312906805377608,0.6552014379515145,-0.8808928706930175
2016-05-25,6.182258545307064,-1.1225598257638914,1.844261867355705
2016-05-26,-4.1720402232829485,0.8579876884391617,4.606153284604879
2016-05-27,-0.022961046857716383,-0.36766667309000933,-0.8819294562523154
2016-05-30,-1.7340426247959897,-0.969892144500565,-0.31722073968230546
2016-05-31,-4.017020074753788,-0.23523542522551155,-0.5954919132988934
2016-06-01,-6.419498539254988,1.3621128922411652,-2.9142553282376866
2016-06-02,2.2705941271417203,-0.28406659560839564,-0.6848508787778584
2016-06-03,11.780273718406946,-0.6966316759007576,-2.0088627322956114
2016-06-06,-7.900268999244759,-0.5753584503946163,6.415653367977079
2016-06-07,-7.39462830997816,-0.28384512199740897,5.088896033862248
2016-06-08,19.76139320508632,-0.7877759413807586,-2.8480024045923074
2016-06-09,1.457955459203987,0.3523670966379788,-1.2295655553890157
2016-06-10,-3.7741974327916097,-1.0716054466007914,3.6607491055983488
2016-06-13,6.044881249264222,-1.061664944174564,-1.012965411759211
2016-06-14,-2.3605242766246306,-1.057378248892443,4.390597550253595
2016-06-15,4.75252097983487,0.5075463921232827,-2.205211255082645
2016-06-16,-0.43523542535837123,0.047241824927167886,3.550916677018691
2016-06-17,-9.157827486290827,0.5411351782466007,0.016138025351608576
2016-06-20,7.195484203523691,1.781451688819165,-5.870193129075815
2016-06-21,-6.283814745748572,0.7155050420680884,0.2856313711564127
2016-06-22,0.479116773854372,0.6256111909411128,0.4669833636410132
2016-06-23,2.8579259864902014,-0.19487787291000025,-2.631877299191814
2016-06-24,5.686694494867496,-0.12427453557512624,-1.326043068445749
2016-06-27,7.001299569866887,-1.3022087408379328,4.29799793203248
2016-06-28,-4.455792566087894,0.17441112948880355,4.576428084887333
2016-06-29,-6.232558439626899,0.7377994936021646,-0.02015327878591222
2016-06-30,4.4599181058102175,-0.7935584471057757,-4.812583140115791
2016-07-01,-4.778650749468341,-0.4598442340807709,-1.2501586515459948
2016-07-04,2.728483229263844,0.07296539332443897,-1.6101248705327436
2016-07-05,-2.321147249524614,-0.5125934555270872,1.8159163296831693
2016-07-06,-4.406731447235174,-0.46670066139555355,6.570204378194056
2016-07-07,0.5720870726456155,-0.3689090064055668,-4.958247872188451
2016-07-08,-10.331318291997334,0.6450063051299373,-2.737912190430116
2016-07-11,-5.001141177182717,-0.6890153225235925,3.2184267415198136
2016-07-12,8.69239190249364,0.31249327751794487,1.6044277908730322
2016-07-13,0.8355101577596571,-0.19414119987745493,-1.6491056260664863
2016-07-14,-5.944615436965094,0.20978026132967864,-1.5445259641373923
2016-07-15,2.075326540852899,0.6584265998089622,-1.8052554471907598
2016-07-18,6.773126449192063,-0.12881842435256985,-0.8502743424328401
2016-07-19,0.9821456251147538,0.10939938042592479,-0.3321425850336581
2016-07-20,0.4158139676020767,1.2816974500395029,0.564277491313554
2016-07-21,-3.4377400169379086,0.20761084695301735,-2.9883835112616026
2016-07-22,-6.956290362220088,-1.0119391602004422,3.0239544686800315
2016-07-25,6.151649388165367,0.6627908759487753,-1.2378714201081067
2016-07-26,-0.8187324830876861,0.3484699325558913,-0.5043952271960777
2016-07-27,-0.32309575758216624,-1.1054185416381266,6.0751553587148805
2016-07-28,8.41314216610985,0.37205254343587324,-2.5818202932504377
2016-07-29,1.471173927644216,1.1851146609734802,-2.0262827968254697
2016-08-01,-2.582682880270454,-0.04345421469872912,3.7012505338553154
2016-08-02,10.993993213292782,-0.4785417023025933,-1.9389695655904546
2016-08-03,-6.257591056372732,0.6417055686127209,-0.29359511310364894
2016-08-04,0.2651648320114077,0.2812139375862941,0.5887684165824822
2016-08-05,2.7106596062229755,-0.5603659933360639,4.482160853529386
2016-08-08,1.4623038976092886,-0.10463241013449065,1.2706376146119922
2016-08-09,11.33123153265285,-0.4983830056249994,-1.0145919123544829
2016-08-10,0.48505896233425005,-0.9934610270702442,1.3482192513238402
2016-08-11,0.06890972924929883,-0.19816591120420401,2.8521170974305434
2016-08-12,7.140204099273902,-0.7102991948100466,4.7841264424725765
2016-08-15,-3.078259741630461,-0.5101459309423995,2.9623091696692114
2016-08-16,-3.0539637287796637,-0.4765856701417124,2.0794278839801166
2016-08-17,-1.5983010351882,-1.2520796243454608,-3.433268408886633
2016-08-18,-6.635993930764229,-0.5240266188232532,3.7844978842421995
2016-08-19,10.73775418018009,0.4432745020706499,-1.6390229038903925
2016-08-22,-2.55941239998117,-0.3463576230657608,3.0333408730415528
2016-08-23,0.8123901437961933,0.0674584887344678,1.7651106152699043
2016-08-24,0.49796537072620595,0.2657186658426274,-1.0178574312867852
2016-08-25,0.3908079809704219,1.1466691380617724,-3.013175743055257
2016-08-26,1.3552075302913238,0.6142149141109751,-1.5677347157283634
2016-08-29,1.2241873494838416,0.8179845755522763,-1.7510347979047367
2016-08-30,-3.225769689844725,-0.12254248712202986,0.015031397083504316
2016-08-31,2.140167556383801,-0.7199090894667751,6.760371348272969
2016-09-01,3.77965422943673,-0.2551451991813052,0.35305150501329763
2016-09-02,4.500973215054003,-0.6939208136379142,1.4635216898372505
2016-09-05,6.360544330830322,1.005918216127529,-5.187097125352281
2016-09-06,-2.6700947490445515,0.5835517475495752,-4.006307015960118
2016-09-07,-2.643484771212883,-0.587347321446249,2.065433802328684
2016-09-08,-2.235599384387882,1.2091767327576999,0.456433184937012
2016-09-09,5.124831596537746,0.4895098270677003,-0.1045698922390983
2016-09-12,-3.3159133348300998,-0.05725916363348965,-0.6130653140481996
2016-09-13,-11.138891857816574,0.9089656560299462,2.2237690315231617
2016-09-14,1.6956502257914394,0.4312854638748897,-2.280734026642783
2016-09-15,0.8505011108611171,0.06571167412151835,-3.8127514203848705
2016-09-16,-1.0716342087980308,-0.32696790620529403,1.0541906704472623
2016-09-19,1.7179409551339404,0.06982923518048467,-2.5518025288196924
2016-09-20,3.8546886032180936,-0.08322706162219551,-1.390197719689553
2016-09-21,-7.72621706238823,0.5331711818876043,-1.856193368430013
2016-09-22,-3.1997834146322788,-0.048467389705849184,-1.1276485074568328
2016-09-23,7.1489273120042185,-0.6519966283099656,-1.1986266695768961
2016-09-26,-6.816425552796616,0.6205431662501821,-0.13396427467207417
2016-09-27,8.17728073917381,-0.31540553414711336,0.45055238681194965
2016-09-28,-4.235728759699754,0.8867933231819851,-5.42574941494243
2016-09-29,-17.022995557805302,0.9358717296440844,6.8430158866742445
2016-09-30,4.521768623966864,-0.4949310864376566,2.03500858531779
2016-10-03,4.391314833647456,0.7576108136008344,-4.868913864756692
2016-10-04,4.281671624247835,0.6902287947816275,-1.013171756673998
2016-10-05,-1.654508864048296,0.8874596707933682,-3.247787360626063
2016-10-06,0.2711955315242136,-0.9682519460321575,7.907922122465742
2016-10-07,-6.819067405800595,0.23894850941191548,4.0613385702979485
2016-10-10,3.574180953346513,0.5155101126187067,-3.222262225409409
2016-10-11,1.6395771454236154,-0.8859310924250368,0.8348302900285134
2016-10-12,-2.3196635936794365,0.7349618615797433,-1.8729745681185221
2016-10-13,6.1407262129485645,0.39095666253634365,-3.97397066284357
2016-10-14,10.752992499650347,-1.112756569855053,1.6729235078071198
2016-10-17,-2.3725597860446186,-0.23331732293271656,3.075799805873679
2016-10-18,-11.087799730061832,0.7019489048105743,-0.7073147004445417
2016-10-19,2.962934508974257,-0.07492826393575136,-1.1358436694929495
2016-10-20,5.611174979163366,0.6550539555932202,-0.8104743121271127
2016-10-21,-9.513269974116696,2.237722221500479,-2.312115606872574
2016-10-24,-1.5371918898950838,-0.019346634850028188,-1.0404826081226446
2016-10-25,3.8529637013636915,-1.267506442152623,-1.1166588507787694
2016-10-26,-2.98730229168288,-0.5868269903202035,1.2505941365386306
2016-10-27,2.0378466245967815,0.1425610282476848,-1.5977108873118766
2016-10-28,0.14464000063081528,-0.741438215742825,4.529989423949054
2016-10-31,0.8629455418180498,0.5982236299871655,-3.580668303948123
2016-11-01,3.3885180244587048,-2.80444211054544,9.236906541690445
2016-11-02,-1.4970040933854278,-0.390244452282539,4.839193052383649
2016-11-03,7.4971624487039605,-0.3534439289438501,-2.460195928279049
2016-11-04,-3.2055330564504914,1.4363434519708824,-7.40971548600556
2016-11-07,4.856645894202799,1.2328167761171414,-0.1579499756594771
2016-11-08,-4.155872745024837,-0.8796736171635768,3.1812098728130493
2016-11-09,-2.5458499500856533,0.10836858073559741,-2.581067458116628
2016-11-10,-0.2038760476131216,1.2998394049859319,-3.247275987475909
2016-11-11,-11.612920636565661,0.166873540989946,3.305288151406465
2016-11-14,-10.42780376783432,0.7025380994914934,-1.8999517785431905
2016-11-15,2.068696387910009,-0.8030308528954793,-2.430311330065358
2016-11-16,13.946938549667237,-1.985487459961064,-2.129682474802202
2016-11-17,-6.928608182789944,0.1470369069204729,-0.008557455643192213
2016-11-18,10.923606941853834,-0.9517823147240034,2.710170373813483
2016-11-21,-7.151774145103346,-0.15155785260358057,2.242076029069743
2016-11-22,-5.107427698141024,1.4665255181278984,-2.389318990196756
2016-11-23,12.846872254922346,-1.6719765502305146,3.798131217759753
2016-11-24,7.464543490748085,0.2975881843398889,5.106248871166557
2016-11-25,4.351799771588944,0.7348790911467724,0.04211257655781253
2016-11-28,1.9673811842996543,0.49804381632656547,-0.9754237165558308
2016-11-29,-1.390974920279234,1.1740991646939605,-1.1761071246442114
2016-11-30,-2.962478500929933,0.9379251703072007,-1.701786171160606
2016-12-01,3.3176616093555964,-0.10116026833228187,4.506420807864515
2016-12-02,0.07360933321004381,-0.5289929546685777,2.064152768899106
2016-12-05,-3.7391690496745724,-0.08415425566256696,-0.6077085633295098
2016-12-06,1.9972065469734446,-0.5482441926822055,0.01099260915245992
2016-12-07,-1.9852112633200818,-0.17071386398753985,-2.6946091431190453
2016-12-08,-5.441374364501883,0.14107475926406599,-4.316056129613813
2016-12-09,-0.21739077153492303,1.8928369895845556,-0.11364442827294141
2016-12-12,3.9534552273876926,0.5413818452834853,0.5875417343669511
2016-12-13,1.7750180168844594,-1.0549742368189157,2.520748060069266
2016-12-14,3.204058452939279,0.06684949258626238,-3.01737708977042
2016-12-15,-10.416021178356374,0.7312109705581289,2.145366886485789
2016-12-16,-2.0156294774460832,0.3833339768056847,-2.298409550364454
2016-12-19,0.08687809905768518,0.0328165756427099,3.013886117904974
2016-12-20,-9.29009542912722,0.2784921947530412,-5.874494791953801
2016-12-21,3.623160428033586,-0.06630589471984027,-0.9010437650693106
2016-12-22,0.955212677005548,-0.18569038896546175,1.432686755557782
2016-12-23,10.093911802731938,-0.33644762404275497,-1.0960466913592768
2016-12-26,-0.37145917879378487,-0.7069316284309082,0.5747080988511328
2016-12-27,-12.441210955397423,0.6669114026795029,1.7011797734463627
2016-12-28,10.51873748502129,-0.45570807271700087,-5.263778332386124
2016-12-29,0.8680920962602272,0.8983938738372155,-0.37963752366585624
2016-12-30,-4.433103900073817,1.7199974759533996,-3.0213656429591893
2017-01-02,-1.2874075113523276,-0.4724729980455997,1.715723960525402
2017-01-03,-5.505653733622438,-0.8763887233181116,6.726330861906952
2017-01-04,-2.2637495746610483,0.8816278088203084,-3.595030265816334
2017-01-05,6.40723518368857,0.898992772905939,-5.697098243506467
2017-01-06,4.391662672417212,0.9733260623174909,-1.5766282645372058
2017-01-09,1.9205571859010746,0.5372764931195109,5.802872702787646
2017-01-10,-5.493932442273419,1.2064535561628622,-3.0742785279153253
2017-01-11,-3.644025948876447,-0.8545400924235622,-1.044274114595538
2017-01-12,1.2448966611354706,-0.17916296180514735,4.333786611041539
2017-01-13,-11.57201301694532,0.38784226792890486,0.4802778450510843
2017-01-16,5.329207918702892,0.7909045764114291,-4.383905101616939
2017-01-17,1.3544074499324523,0.04279960306909558,-5.528639909018679
2017-01-18,-5.759375941803569,0.2938505980649282,3.3593708621069496
2017-01-19,-9.16120545309893,0.2868160501770731,1.2379323622678697
2017-01-20,6.7834997792948,1.0688269983904064,-3.3215431896127257
2017-01-23,1.3124344274730078,0.6128876602100988,-3.708057592527716
2017-01-24,-1.32107847006408,-1.498003912548521,2.36291377719958
2017-01-25,-14.67292044472029,0.24163429659555113,-1.6739142440880457
2017-01-26,6.688015604629882,-0.9500910457512006,0.11218724642237277
2017-01-27,10.111172645357655,-0.14249321372978763,-0.2470981630339466
2017-01-30,5.028375312388718,0.48871637691675396,0.4899047508856924
2017-01-31,-3.408051576631067,-0.38397640348221884,-0.2544318975744915
2017-02-01,-9.068046758714232,2.29382898904748,0.2703389098482205
2017-02-02,3.8197499597729916,0.4494509332156138,-0.9718119975989623
2017-02-03,0.3705348790607985,-1.141893428823563,1.653076431305493
2017-02-06,1.3452091723415833,0.060903150721207666,1.1096206430664353
2017-02-07,5.249044590973554,0.7771078375373062,-4.153922233351224
2017-02-08,5.87727457058287,1.0811505054683224,0.3449605777723619
2017-02-09,-1.4624791034721198,-1.2156130308290063,1.7498308387842982
2017-02-10,-3.8143029088203377,-0.6879538062216692,-3.1201672701562018
2017-02-13,-6.6394636849610436,0.7547040631311521,2.314534670088385
2017-02-14,-2.286343786437101,-0.42722671694828485,6.853931423106587
2017-02-15,5.5922171150021995,-0.7247210663590256,-5.377454294855347
2017-02-16,4.374476296829556,0.341565544757934,-1.207556114857951
2017-02-17,0.8748626944912701,-1.0747197212805837,1.5915760909986147
2017-02-20,-9.996082870786054,1.0516959321172532,-2.2438204906204433
2017-02-21,7.070969468499982,0.27723534672209915,-0.6139012993325537
2017-02-22,-2.68495696066239,0.6229607552314196,-2.55810615701121
2017-02-23,-0.5656225054605244,-0.9454342168348511,3.0076633996610553
2017-02-24,-1.3703827408879334,-0.8810067383641638,1.5522672763709906
2017-02-27,-9.12060962546569,-1.2512072792728057,-2.182700478742362
2017-02-28,5.896928376795785,-0.15636759025446167,2.573408572512477
2017-03-01,5.369594111315934,-0.928083103893556,3.101757732670663
2017-03-02,-3.420415379809853,0.2877767630850645,-1.3552964556153668
2017-03-03,-4.4581078927175355,0.7912614091856236,-3.5344937173426203
2017-03-06,-1.2763589115276943,1.389058188853335,-1.178607892018448
2017-03-07,-11.88151807549157,1.6194829362003293,-3.2507549869867773
2017-03-08,0.9825185816653317,-0.038112353963738244,0.1338591438643988
2017-03-09,8.044894282651214,0.005444228163252518,-2.350931780486711
2017-03-10,-2.3916700387527214,-1.5292440012173518,5.046729911647354
2017-03-13,1.708941958421292,-0.09513454519050768,-0.2540560132157381
2017-03-14,-5.3226216852160775,0.2628882375280224,-1.5400146633999228
2017-03-15,5.8907183150448645,0.8855709039515425,-2.182026169513456
2017-03-16,0.19661049170571232,-0.3733798103802215,-0.10330676007986739
2017-03-17,-10.067969203405454,0.964765844783031,-1.8704570946532186
2017-03-20,11.340332122882117,-0.41147365649424295,0.6655291139064943
2017-03-21,-4.777904865776222,0.32639637425635293,-1.8735807538778033
2017-03-22,-2.7847877253316398,0.23321097798866042,0.540633374845612
2017-03-23,5.541218540645303,-0.8386400210998239,7.102647271341198
2017-03-24,7.147076464551887,0.31947832322845215,1.2854082413002175
2017-03-27,-1.8917525338425492,-0.10562123057584749,3.3409622774160184
2017-03-28,7.753822549762603,-0.40096218964886887,-0.9266649001163927
2017-03-29,8.284172807666948,-0.3043111732824837,1.764487221627654
2017-03-30,4.024656069396116,-0.8062747687185574,-0.47931821509893524
2017-03-31,-2.1922725682122746,-0.4833855876896225,-0.7615318194957368
2017-04-03,-9.228053585488396,0.7145029025336864,-2.723398465844731
2017-04-04,-4.941781900004756,-0.6764041249208113,4.058654121388237
2017-04-05,-1.1215732921656212,0.5402725999462081,-3.339693238510904
2017-04-06,-3.602763208486067,0.7117650235090291,1.1533176384642587
2017-04-07,-12.411359815420795,-0.26091881273428186,0.2699511185857304
2017-04-10,11.148424993643474,-0.4535237176791558,2.489097841715136
2017-04-11,10.261589481138742,0.009702321391921842,-5.52886049413641
2017-04-12,-9.22115287069306,-0.1868943768121465,4.8163867088954575
2017-04-13,-3.569707815474885,-1.2463659455054987,1.6390988952364722
2017-04-14,7.129143011178471,0.27926777120451796,-6.761121140540261
2017-04-17,7.395999050735668,0.8827027665563136,-0.27564286260334825
2017-04-18,-6.305975389298169,1.2937432175194292,0.35741639428026417
2017-04-19,-2.8076162867151595,-0.5061032805324537,0.8057583297824422
2017-04-20,2.4113110693505035,-1.4496418034287952,-0.7339434858023139
2017-04-21,3.0840634898625297,1.0081072024563138,-3.41813725251928
2017-04-24,-5.589034177265489,-0.5858096130651091,6.592750351272215
2017-04-25,-2.535231091799645,-1.028381641528548,1.026550876299865
2017-04-26,1.6674754492220387,-0.4337407845023318,0.22960287186950978
2017-04-27,-0.37092934644370246,-0.8204272227479725,-0.37114851450837705
2017-04-28,1.8380355885587676,-0.2622365383527958,-2.5431541031547695
2017-05-01,4.220126909474544,-0.37283137236034936,0.25172900891910643
2017-05-02,-9.174266183620546,2.3648986932088913,-7.2451816385000285
2017-05-03,-1.2264598391727475,0.08868225691957221,2.258035213482245
2017-05-04,0.6686538614476802,-0.6617839612143559,3.6529502849343913
2017-05-05,-5.643700666881827,-0.9499974706470011,0.9948989617749859
2017-05-08,6.851355881659686,-0.17285812287552638,-1.436035231703599
2017-05-09,-2.731423685543632,0.6452580634639338,-1.3090425342331002
2017-05-10,2.2044539762460573,-0.6681469369417457,4.648642751361201
2017-05-11,18.95731708940275,-0.12598842279675182,2.1187851831098214
2017-05-12,-0.5783414546557566,-0.2761273139894014,-1.0257359234294654
2017-05-15,-7.436009741644256,-0.11969136053963059,1.9634507595638127
2017-05-16,-2.0947223720907857,-0.16199025567032432,3.837552168121107
2017-05-17,8.822982301178598,0.48628923544578306,1.3004577121520882
2017-05-18,2.0109932602477016,0.5237358506774488,-3.890994835195997
2017-05-19,-5.80053690595939,-0.12975372455852607,2.953735924827356
2017-05-22,10.461924448228714,-1.3265914389985944,-0.45891247948324576
2017-05-23,0.8317291683114405,-0.551268504771163,4.222455997601351
2017-05-24,11.946030452119643,-1.1526751606254964,8.639779303813391
2017-05-25,5.119271004882478,-0.2596623420932036,-2.712672425364083
2017-05-26,-7.756627939727522,1.540737591193774,-2.9373560173839834
2017-05-29,4.520690149174229,0.17963391806472018,3.075750788316533
2017-05-30,0.0563631084173295,-0.37129447564132523,-2.2976040731109393
2017-05-31,4.632830827572761,-0.8597723836908897,1.5733501021891314
2017-06-01,-5.495698260849451,0.9837696704790462,0.2601332873592668
2017-06-02,-4.4091232918287915,-0.19134464823896202,0.773818196233826
2017-06-05,-1.1873916138571303,-0.29095843686476464,0.2627439022668767
2017-06-06,6.025341049971345,0.13786174892155856,0.8647907905049053
2017-06-07,-4.127054634517378,1.4505749416435663,-1.0059789847257719
2017-06-08,-3.0682315154940625,1.135693274781013,-1.6620862904344236
2017-06-09,0.7250060855761973,-0.5500196231521626,0.15794740179416777
2017-06-12,5.775483337505236,0.02030897211539706,1.052458362470169
2017-06-13,9.482929859319228,-0.11209357154426414,-1.890069159497635
2017-06-14,-12.62740721688266,1.3719503615181292,-1.2101024048057312
2017-06-15,-2.547706043154278,1.3135028153137513,-1.8662247145853428
2017-06-16,14.904845104290644,-1.495410405782863,3.015339112263746
2017-06-19,-2.4787917946751605,-0.5319091669479139,-0.6444604583745459
2017-06-20,-4.813826432326707,0.6303716506009369,-1.64078229845434
2017-06-21,-9.779106694794152,0.02383607028558199,-2.513008053089962
2017-06-22,0.15537686112055837,-0.07601177024985528,-3.1408736436983133
2017-06-23,-8.97722783901554,1.3159857456510409,-3.2964189689560044
2017-06-26,1.1745822921265585,-0.1405709439829934,-0.6503543189993266
2017-06-27,2.396984356141843,0.6134850714564601,0.20794483139712128
2017-06-28,10.523110407452464,0.5295873825073656,-0.04589606564575632
2017-06-29,3.037598399567429,-1.4185836776261889,5.872454415696872
2017-06-30,-1.2793762672708056,0.33978676168482735,4.156114963801286
2017-07-03,1.528199579679665,0.09664976235510014,1.440430297619912
2017-07-04,-2.2142455730216426,0.9300543928838403,-3.279550043692808
2017-07-05,8.74450756497177,-1.8894573285656033,4.871570603986868
2017-07-06,-1.824188284137037,0.13721104063202372,1.8042250339642862
2017-07-07,1.8023742209173292,-0.6722146537805758,0.11881947385341363
2017-07-10,6.233684156673476,0.6341979693984996,-5.050652251129776
2017-07-11,-7.489697792532297,-0.24986371971478238,3.246593712555537
2017-07-12,3.2406562623091304,0.16625206016750926,5.543585114871689
2017-07-13,6.938857691146367,-0.1212355370968492,-3.119432736600075
2017-07-14,-4.140456091968346,0.3008972383284041,-3.0668184459347785
2017-07-17,-15.503493229017593,0.6809812750748687,0.9047637259081966
2017-07-18,-1.3037662711361406,-0.43185874964241844,-0.7976215457948825
2017-07-19,8.659417251508131,0.6850157215745032,-0.9426788936255264
2017-07-20,-0.5199985631688548,-0.43644021791715293,-3.3771024754380505
2017-07-21,-7.844989173174838,0.757356398611635,1.2096342270880456
2017-07-24,0.7761855150143191,-1.4361382681488877,3.277145792312247
2017-07-25,1.717386661211691,1.5939213488348747,-5.802190257261401
2017-07-26,4.02053027673594,0.12904790708203162,1.3771135425376286
2017-07-27,0.6987354319288954,-1.1785613856225563,5.171672371968242
2017-07-28,-5.704349485187095,1.4108588304516143,-2.1499964325812755
2017-07-31,-0.40994882098306107,0.5638851325645744,-4.812105767123022
2017-08-01,-2.861747873861219,-0.34560548986075457,1.4184556155449641
2017-08-02,5.441082767199902,0.3262622253725258,-3.3137794042316884
2017-08-03,-5.542059530889688,-0.017930369226277776,-2.4149182842268075
2017-08-04,-1.6797967109856984,1.474923323789211,-2.8054027333868348
2017-08-07,8.504753290264091,-1.3066574652095397,2.052483541576315
2017-08-08,1.3845073410678879,-0.1045246481560973,4.643102363867463
2017-08-09,-3.867091851979623,-0.4363802177854348,1.970474019429595
2017-08-10,4.312793102975149,-0.10788049253128218,-1.1341971659244976
2017-08-11,-2.0297480936297347,0.05244853030861307,-0.8711700559983839
2017-08-14,-8.062751784409187,0.2081895622421106,0.06470518785946666
2017-08-15,2.775999607954475,0.22658416806955017,2.4055741479874584
2017-08-16,-5.911353329366392,0.6970397817824558,-1.3401704189607173
2017-08-17,11.22404842245733,-0.1915953924647642,-2.1919518098450226
2017-08-18,-1.626838703165177,0.09832679023238455,5.5409313207850985
2017-08-21,-0.08793484111207306,-0.3741955318539505,-1.0923931502224349
2017-08-22,4.711468280066626,0.45338598027860044,0.9836570291280964
2017-08-23,-0.1611890172886774,0.1518707806086521,-0.11834163624173755
2017-08-24,5.331824127462525,-0.6149523046533849,0.7227991828923521
2017-08-25,-1.6709366001354482,-0.36749468141276154,2.4694429131310685
2017-08-28,2.396829626170316,0.6241193968895029,0.008822319425419778
2017-08-29,-5.188166905323513,0.007856859379974601,1.2814235220758263
2017-08-30,4.6740496650973,-0.10312647205733505,1.1173000053684206
2017-08-31,13.099728763999366,0.7752026459853756,-2.3958165171317134
2017-09-01,-4.541236761485294,0.19960076980197616,0.8325603471040068
2017-09-04,-5.211087777087755,-0.523774308440391,0.8503611727373368
2017-09-05,4.918528690849385,0.1324896186993012,1.4409278056552708
2017-09-06,1.6737936900391048,0.7352703698533976,-1.1861704437213163
2017-09-07,2.9799224371685398,0.12952855723514745,2.232386941984231
2017-09-08,5.155931948837619,0.037464856337399155,4.1944035903103725
2017-09-11,4.5235104410476055,1.178195891361753,-3.1037461468323286
2017-09-12,5.82891834246216,0.7121475177655583,-2.095378176944209
2017-09-13,-2.911836512114647,0.6731564475825671,-0.33143360354573304
2017-09-14,-2.8297557068886903,0.34061197251160635,2.3880385667326607
2017-09-15,2.3335127525417363,0.39750740514848637,-2.112919506439006
2017-09-18,13.064722008902805,-0.8434475342004113,5.568539478840449
2017-09-19,-8.283053054598554,0.9946890260539014,-1.403012490636712
2017-09-20,-3.1851998349044095,0.45835621568783047,1.2726935725356796
2017-09-21,10.707081190398142,-1.1641913230956273,-1.5910011212838953
2017-09-22,-1.5626604422509587,0.7071562421386126,-1.7628470766958557
2017-09-25,-14.338682908560529,0.11871329296653776,2.753230587823765
2017-09-26,8.681256202795694,-1.2864335704939531,-3.738022915177382
2017-09-27,-2.808718831495298,0.1348981291779694,2.3754988250924924
2017-09-28,-1.558324246332333,-1.4564003585979979,1.6860529403016429
2017-09-29,1.8439270730194863,0.5382401044236982,5.144226754343876
2017-10-02,1.3088535886938502,0.8192886285107157,2.455076680817136
2017-10-03,8.935069338490507,-0.04459948524902657,-3.4579165145165405
2017-10-04,-1.0131176140665303,0.2819315259120714,-1.3312927654854008
2017-10-05,2.2683410207800847,0.8429071290038426,2.6939123329057892
2017-10-06,-1.7989241781505,0.22068558513682923,1.5339507440315003
2017-10-09,2.857645305707905,0.5307080236870245,-7.740061864525455
2017-10-10,3.1593712709155852,0.7260735469270401,-3.0733312302753717
2017-10-11,-7.761699811068269,0.4070519797736427,2.9058535808257844
2017-10-12,6.86825617360779,-0.6901174865470754,3.7896375473488177
2017-10-13,-2.190225239136524,0.44343329228402517,1.1877233731270849
2017-10-16,6.382194817996506,0.3361033560289499,2.8681299106596825
2017-10-17,4.036086565131299,-0.38322074500275427,-3.0248121636669154
2017-10-18,6.616946166042197,0.22093527250665979,-5.351238820131062
2017-10-19,-8.108580006362985,0.703235095192813,4.617536402712702
2017-10-20,-7.324243461887093,1.221369039443207,-1.2244234614531244
2017-10-23,5.3351900419265945,-0.45011628745137955,-2.4289190890281667
2017-10-24,-4.112379425993993,-0.2126313951428518,0.4935228693087872
2017-10-25,2.7090129958617126,0.8245546986605756,2.777391997219283
2017-10-26,-4.993715716214922,-0.8698287292936886,1.519672985809919
2017-10-27,-1.4310840468406525,-0.5194571654822653,-0.9404757476996508
2017-10-30,-0.3800910837037179,-0.469960245969812,0.3640342036804256
2017-10-31,11.231061569585663,-0.4181941488744414,1.8577840505486805
2017-11-01,13.177464249586706,-0.7240903967967096,0.891040584295304
2017-11-02,-6.748997332823436,0.689481391037507,-0.6579273057841917
2017-11-03,-7.196673997101271,0.9162257953724371,0.7148522060520932
2017-11-06,-0.6478697888376104,0.38333465674466716,-0.5738870817037167
2017-11-07,7.063046154353913,0.33901994329423246,-0.2984790077069164
2017-11-08,-4.209398355797944,-1.5243115792921653,-0.6296657085944659
2017-11-09,-3.4927921944445046,0.5720626462645271,-1.9812051413508982
2017-11-10,2.4280802798260623,0.36797491177890507,-4.589002991421609
2017-11-13,-1.7961079178241306,-0.4106929516286115,1.7632586428215369
2017-11-14,-6.87266976870589,0.9532324206727854,2.4629975720519113
2017-11-15,1.5385386433692076,0.9262258845392353,-6.196202902854576
2017-11-16,-16.288870863755605,1.4852657184328226,-2.177179670238747
2017-11-17,3.4046002417142773,0.9034623412901137,0.0011647888411658869
2017-11-20,0.13869363160355874,-0.17145571225455924,1.14318794153872
2017-11-21,-5.708599812667032,-0.36423728850144776,-0.8453404091313246
2017-11-22,5.938545490600298,0.1462559463242208,-3.738180899693969
2017-11-23,12.772008261955406,-1.5274427508541972,-0.09741376387662726
2017-11-24,-4.057504775903823,-0.45494642985788936,4.382751679898373
2017-11-27,0.9798736079449526,-0.47614540468883604,6.0190502090919225
2017-11-28,5.253152053278811,0.3430151008805513,-2.49546213073738
2017-11-29,4.568706126976863,0.6935799172568888,-0.4077622368796554
2017-11-30,3.3034294356474447,0.69706607392839,1.323307743032757
2017-12-01,0.7515056906053275,-0.3209758790466246,1.393836413990087
2017-12-04,1.8428960241321448,-0.5354073169015958,2.6547219975400083
2017-12-05,-8.2297717061344,-0.7801357839378138,3.9626200830851204
2017-12-06,2.590973603418135,-0.4183602372047428,1.0451019204860543
2017-12-07,-1.404060787085001,0.5363447934066468,-1.8069671844192214
2017-12-08,13.92664639986188,-0.21383972681556962,-2.2152625992912327
2017-12-11,0.6683875012627141,-0.6855293777911413,6.687775847769025
2017-12-12,-3.1112326343360905,-0.018165706650520974,1.577750538090072
2017-12-13,7.8972884066433835,-0.7395472340597635,-0.08911519279709523
2017-12-14,1.177461762288118,-0.5931508878319818,3.9362163802245576
2017-12-15,5.945817920298666,0.03634340704315875,-2.0480120916272
2017-12-18,-4.82917056992639,-0.01890887011230369,-0.7807932215417708
2017-12-19,-0.12974725696163603,-1.2879764004588399,1.2438891889953112
2017-12-20,-5.151174854371334,-0.4157346438349565,-2.4502818136560904
2017-12-21,-12.183463813420246,0.5414979505707711,-0.1588219311885979
2017-12-22,-4.725143903062005,0.4190319056187839,-5.939864798588623
2017-12-25,1.3326076170309875,-0.16663041498404318,-2.812117978112383
2017-12-26,-4.8347176380832195,-0.0929006701668591,-2.89662704031894
2017-12-27,-4.210314027127112,-0.33416144828641947,2.779358466253676
2017-12-28,-6.911268769828439,0.030201191208924172,1.1808539973019023
2017-12-29,1.5872018207201677,-0.1282511621512441,-2.5739329701490163
2018-01-01,-5.557427308550629,-0.677764725605428,-2.5406462676597954
2018-01-02,4.716676104759884,-0.799034530656817,-1.7771788411672418
2018-01-03,-1.4124450361174041,-0.4125815005434781,2.296959263560339
2018-01-04,-8.976394784825033,-0.47878094124898585,0.7653107922636408
2018-01-05,2.2042046698970097,-1.0036910240961703,1.6685328206371892
2018-01-08,-1.8884394007018983,-0.8537449462841451,-2.0121975252368784
2018-01-09,0.9464516863087198,-0.062444648311318574,-0.41348402408052465
2018-01-10,1.250145804240617,1.154553491778758,-0.3310734263994277
2018-01-11,-10.987977163558966,0.6002320941228945,0.6917676964222395
2018-01-12,5.024807726593892,-0.6059006076093647,-1.2591256522574596
2018-01-15,2.6265940875379243,-0.4368355631452463,0.08701266293760312
2018-01-16,-0.4626223633286486,0.30770046371906634,-2.6939859387292913
2018-01-17,-3.667899140655692,0.9782072554515313,-2.5225411219474267
2018-01-18,-4.343573090132693,-0.6576754099433089,0.7887167603108196
2018-01-19,-1.759436931636543,0.28050452714520624,-0.49210348467100573
2018-01-22,-1.3595141532903057,-1.3859653174817428,1.540942988461552
2018-01-23,5.222245258504444,0.023229337123525262,-3.2895653574416457
2018-01-24,-2.2965303615803236,0.32086844784332236,-1.7167516588171239
2018-01-25,8.189128213516511,-0.49234869696432426,0.5203569806142383
2018-01-26,-5.562340250357721,1.4029497022038369,-1.0730456407089477
2018-01-29,-4.910592865156545,-0.5816857966184212,2.0187046913337454
2018-01-30,-7.450187270684225,-0.8651257311903073,1.8363538014577756
2018-01-31,-9.263495596461667,0.25598919085659233,-3.6120067201592647
2018-02-01,-4.610382294611142,-0.9253649069563883,-0.47857247579918294
2018-02-02,3.376042032975249,0.12046926952261927,-2.1964742984282495
2018-02-05,2.834400147916611,-0.07739619267184494,-5.728499964737708
2018-02-06,-8.692984241038033,-0.07673108440189047,4.3334677416827105
2018-02-07,3.140756068576323,-0.1966228078106571,1.2490588768070054
2018-02-08,-1.089587734084546,0.2917773278170639,-4.083707506534296
2018-02-09,-0.6421712688377426,-0.09600029676222199,0.505358844956767
2018-02-12,9.19429845014676,0.3894937986593394,-0.133935775004268
2018-02-13,4.6500406009467525,-0.7462099285918491,3.2487820750292826
2018-02-14,-3.3038354481582957,0.4652547694951261,0.48739780380604714
2018-02-15,-6.147199265985904,0.477531750692199,-3.048629086675028
2018-02-16,-8.863976944489025,-0.40757546282720014,1.5466154996167916
2018-02-19,1.7004387532551277,-0.8147550136132988,1.6664656228537353
2018-02-20,3.947041826274429,-0.31236846884272307,-0.8392702062777175
2018-02-21,-0.951213805553067,-1.7531815539384459,-0.4063547406247281
2018-02-22,-2.8690341119314695,0.15016078144835632,-1.6871212903963837
2018-02-23,1.1392902104923053,-0.10532947506977486,2.396957684718437
2018-02-26,4.447553397645677,-1.512058770682831,4.3421435808037785
2018-02-27,-2.225786725367982,-0.9131447837350679,0.6262288414769941
2018-02-28,-0.8436786181069635,0.5257739590264441,-3.5928425112742417
2018-03-01,4.436849798279596,0.2183297278527654,4.303497944055415
2018-03-02,-1.0367163293422266,-0.5844388487920771,1.256646188232132
2018-03-05,11.45640445718287,-0.6502695563424714,1.9887388071352206
2018-03-06,-2.8332316214054316,0.7482501715294134,1.950097211430709
2018-03-07,-0.2831072977469944,0.0031834037158740003,0.24046320927441656
2018-03-08,2.687543046328642,-0.08529764172672483,-3.673923319367084
2018-03-09,-4.399505832844213,0.6560587452168178,-3.980625667023183
2018-03-12,-2.01387785621219,1.775788294076154,0.16721001064968988
2018-03-13,-1.181652284347848,0.30305750924434793,-3.672745739694328
2018-03-14,-3.739501705400315,-0.16855140182631434,-1.099082973471539
2018-03-15,-0.042687080977799496,-0.3602794527058659,0.6854601909974463
2018-03-16,-4.313481451599472,0.17223012848856367,5.333451292489642
2018-03-19,2.588576444953816,0.7350429835121979,-0.08244902557513711
2018-03-20,8.289246977566052,0.17216135920872322,-0.8068828696385779
2018-03-21,2.9584024092961982,-0.9054069874144659,1.7775052396049134
2018-03-22,-0.5313811193624787,-0.05138645322757984,-0.5049953358324046
2018-03-23,-8.02462318633637,-1.2560428082804034,0.2313918944323632
2018-03-26,-4.6355272436749715,1.2647832589172845,-0.3432324806493625
2018-03-27,4.7864922982226545,-0.9025598844420566,-3.3146424702477475
2018-03-28,2.044515844607645,-0.06780138929940627,3.520977350286408
2018-03-29,-6.29715340832314,-0.5668724305978756,1.830439056807954
2018-03-30,9.488296869923317,-0.22971209720378916,0.2713792502529131
2018-04-02,-0.00649313161562759,-1.2449748262608793,1.0360883468100965
2018-04-03,3.424567010133032,-0.10215145248737212,-1.0192639108786636
2018-04-04,-1.646960087745171,0.30742395139713974,-4.120252768377661
2018-04-05,-8.823854171722814,0.2043507183391302,-0.9134361969959173
2018-04-06,4.6126255933547355,0.8308906125513396,0.4697179239003191
2018-04-09,-9.164681493554994,-0.1395730725534836,2.1228283730525845
2018-04-10,6.24690911610206,-0.0627341257610734,-2.3755959303228664
2018-04-11,9.159943251695964,-0.31513255528115103,1.9222813220767705
2018-04-12,-6.910520616563105,-0.39140424389949224,1.769244810316053
2018-04-13,4.226800881067888,0.10257290422475851,-4.007326236651764
2018-04-16,-4.035626238659518,-0.11374594627783541,2.449859944178357
2018-04-17,-3.7154362101041585,1.0321964586908523,-1.7627870354646475
2018-04-18,4.110959641678477,-0.48813457987620534,1.3489564172990995
2018-04-19,-0.9411072222660266,-0.6093787585705197,0.6582084398300694
2018-04-20,-0.23128587875447693,1.0184198863393679,-3.626115056480323
2018-04-23,4.7386841611355095,-1.2388181425250435,3.0349546626446013
2018-04-24,-9.430937850876788,-0.43634817937337544,3.1862965766555718
2018-04-25,7.365555024612036,0.06512696971778009,-0.9538543413011951
2018-04-26,-8.333749040217725,-0.08721297443020593,-1.7167946600579498
2018-04-27,5.296244254661445,-0.6588921586111267,1.3744121148454695
2018-04-30,4.839194151863836,-0.40169135580495663,3.106605113908209
2018-05-01,-8.219643350505649,0.5487001962492961,-0.06739532326881914
2018-05-02,4.4235159521584535,-0.5282168546758426,4.480761858143424
2018-05-03,-0.5395307180649525,-0.8319627558934899,-2.908509577916284
2018-05-04,0.21689691815491585,0.389158654615712,-1.1827180844159884
2018-05-07,-4.385999827203776,-0.40098283468057616,-4.404939341977787
2018-05-08,-0.10187365325457165,0.5247918812588388,-5.3311097824201354
2018-05-09,0.9621960236188158,0.2818356714416419,-0.6819823925713635
2018-05-10,4.468134358141995,-1.238049454102672,7.02893762471394
2018-05-11,-9.348243248137763,0.11105057201691615,1.5844093621982935
2018-05-14,-2.0609988730874704,0.08265956852191714,-1.2620458149576805
2018-05-15,-7.629521208455486,0.3511924980452812,-4.642252239207593
2018-05-16,0.7756258411956765,-1.0591925228948353,1.7959117338577997
2018-05-17,11.670380710300122,-2.753569495725733,4.661934591394157
2018-05-18,3.9137144353225466,-0.5059476410456989,-1.1573833594969472
2018-05-21,-15.574604195222761,0.9488603264443005,-5.797083865418763
2018-05-22,-4.524040232530794,-0.1408605727172647,0.3172906038793002
2018-05-23,1.4724079195667912,-2.1829481867467737,2.3389724800467704
2018-05-24,1.3645931733136791,-0.7193854668854789,2.5287796003155023
2018-05-25,-5.516606353043272,-0.3449726484981146,-4.020373404299974
2018-05-28,0.9235182456873474,0.6307630157641135,0.14085545395945331
2018-05-29,-2.5327694638957325,-0.8069391005415184,2.8163235047723134
2018-05-30,2.4989789471767665,-0.504569400630595,3.4045844714282367
2018-05-31,5.904417649043225,-0.4870274717100218,2.1535404871347623
2018-06-01,2.003622676880923,-1.3748441977008348,1.4895010569245528
2018-06-04,-2.681977799417595,0.37274420498821237,-1.9232153691167326
2018-06-05,2.4120751421122435,-0.7553221253898377,-1.4488322672393537
2018-06-06,2.162598793855409,-1.0216892521439578,3.610234413552149
2018-06-07,-2.0365885882678754,1.197806305795826,4.91841596842977
2018-06-08,4.485473380035685,-1.9919334070268535,4.501364988182871
2018-06-11,10.671638223144413,1.0457456560890854,-1.1671170053427034
2018-06-12,5.651209087361451,-0.7773096002277669,2.5844463119390326
2018-06-13,-4.420969468528938,0.47803051385045325,0.07076390975684888
2018-06-14,4.094702424944472,-0.1185022019186599,-1.321306987506489
2018-06-15,-3.013550461222451,-0.12795554825983402,-0.43686803848490285
2018-06-18,3.494138659488925,-0.18760605711123013,3.300062386557329
2018-06-19,2.0349347409251095,-0.04225422285513547,-1.54849499498701
2018-06-20,-0.6303291964442792,-1.0667502332734533,4.497430146031817
2018-06-21,-0.8417469639510955,0.8234157119105348,-2.3696072257951215
2018-06-22,-9.633067300036245,0.41183504620296096,0.2795308255600304
2018-06-25,-3.065820844201397,-0.7289911513023601,-3.8890747006102515
2018-06-26,-1.4316156428864701,-0.7182962649434739,0.8879093660632975
2018-06-27,5.303181557708655,-0.4813679933890178,0.6769408566606501
2018-06-28,11.643949662881738,-0.8306146913972299,-1.9896409387858114
2018-06-29,6.692744585378733,0.06896160710888388,2.56423687305508
2018-07-02,-4.4924259694092825,-0.2731144237730945,4.488609957603813
2018-07-03,0.9295526457832182,-0.019120434961934052,0.33957267438708527
2018-07-04,-9.438317870499333,0.028867943450614497,-1.7271689414437361
2018-07-05,-0.7967870341369121,0.187870345563252,1.7232019640197649
2018-07-06,1.352545354947864,-1.1682377108442195,1.887664246413891
2018-07-09,-0.06656248196981096,-0.129238099836555,1.2076715193885263
2018-07-10,0.8294680247770714,0.023047270883891358,0.5527412543744532
2018-07-11,0.26605685991910377,0.5509738425719499,-1.3833515293759433
2018-07-12,-4.147086443484909,-1.3324888665067993,5.3897736176495386
2018-07-13,5.960863018125821,0.7681930938453583,-3.5744535006272713
2018-07-16,-1.2087022017934714,-0.18023246794212522,-2.319144766592089
2018-07-17,0.35630480873123815,0.14123679686563229,-4.3824335442526205
2018-07-18,11.878332691611206,-0.710897549093187,1.8787521537720835
2018-07-19,-13.603731215915445,0.8291300514373692,-0.7507297694748161
2018-07-20,-16.413325448967214,0.30173551772011376,1.3280583176499903
2018-07-23,3.9891223955755777,-0.22221668428476882,-0.9076706924251141
2018-07-24,14.07592753934918,-0.23104403400889506,-1.8924448526036315
2018-07-25,10.735706468950553,-0.17100030027432567,2.7661102231709407
2018-07-26,-11.54483881197325,0.5446492950562307,2.820342309391407
2018-07-27,7.029652312627491,-1.3542200179961084,5.850366263620373
2018-07-30,-2.652294644285007,0.18901080458477004,-1.907855447307682
2018-07-31,-5.073935336495623,2.094826796073562,-4.684441254003744
2018-08-01,15.88970421175793,0.3839633485042615,-1.0760807141646893
2018-08-02,-10.018722907162612,0.8470534605382696,1.2869788786670426
2018-08-03,-0.03070420843906163,-0.13729185603056226,1.8009005655451062
2018-08-06,6.013591555010464,-0.27705785365724367,-4.0344903323587715
2018-08-07,4.905731350066134,-1.0454041462722685,0.2411740654243033
2018-08-08,-7.76212430546704,0.5012673564697145,-2.0649026276503406
2018-08-09,-5.922212189263433,1.3985442442389537,-0.8473253165837633
2018-08-10,-1.5105561639178973,-0.6731275104918533,3.910253622906893
2018-08-13,3.708435189557008,0.0005543207252181048,-1.4294188751214705
2018-08-14,-0.12608519429110743,-0.3321237570403177,-4.698777648829221
2018-08-15,4.894995326728775,-1.1167085289913716,3.9216347996162995
2018-08-16,-7.415826668260706,-0.42244029330209365,2.5451102361780045
2018-08-17,-3.8304428927495735,1.2587648185530194,-2.969707163218416
2018-08-20,-1.8405945039165488,-0.8105941581626652,-1.99285957206898
2018-08-21,1.2262571138501812,0.7748181085999972,-3.5188938384796558
2018-08-22,-3.9610965063980075,-0.5633799212446258,-2.5903247138012233
2018-08-23,-14.537214573435108,0.9694715618665084,1.0747661752956787
2018-08-24,8.357243853648612,-0.050725506882876026,-1.3884097199665035
2018-08-27,-4.515575768880723,0.3924519040468777,3.3852080333324324
2018-08-28,-0.6541804334759718,0.22508331979161644,1.8576053902525445
2018-08-29,4.74497518761973,-1.0828026971927525,-1.980745258372977
2018-08-30,10.853107351781631,0.21601065598692326,-0.42101385359531207
2018-08-31,-10.755780705295365,-0.2085022921870312,2.644753362427437
2018-09-03,19.300785339874068,-0.9561851519215709,1.1506342652876214
2018-09-04,4.336009099429276,0.287725003851385,3.6906436989676195
2018-09-05,-3.0843792289959993,-0.7231151142925833,2.6048974950572017
2018-09-06,-0.39642110641909767,-0.5512195725264606,-1.275782791607483
2018-09-07,1.5540221019923877,-0.8678527740601263,5.652205377867844
2018-09-10,0.869619649931991,-0.10832169329835661,-0.9448747071110404
2018-09-11,4.261229157015748,-0.6691760124839963,1.336782363360939
2018-09-12,-0.9771842907551331,1.0111057254995677,-2.2899951122440427
2018-09-13,2.575996607785669,-1.0503755970165578,3.8328274271731857
2018-09-14,-3.545341295950948,0.3065458993283805,0.22749553863275196
2018-09-17,3.1322479969020947,-1.1743914044666592,-1.8576956143689785
2018-09-18,-1.4249754715795575,-1.3181374937134116,5.366856578072813
2018-09-19,-1.8567355957276561,1.4939287870649842,-1.9631220435646384
2018-09-20,2.8915240094004275,-0.49539422806935995,-3.218634724189485
2018-09-21,-20.076559479855888,0.7710336625899368,-4.271037361173327
2018-09-24,5.535446982390113,-1.2418703697087032,1.2874918021466044
2018-09-25,-0.6135304170154825,1.414896707658893,-2.2546347240863014
2018-09-26,-0.8345125020294972,0.4408886299432133,0.7219925568083596
2018-09-27,-3.7495220897691866,0.6566880143042226,-2.174046867720463
2018-09-28,5.572214596999032,0.9383580558968712,-0.8770379368973522
2018-10-01,0.2501350096028432,0.6367068188074505,-0.5025784035452006
2018-10-02,-10.436347436474534,1.760645860997311,-3.348326820093291
2018-10-03,4.698491575062349,-0.08950027881815803,-2.6550472475964852
2018-10-04,-2.036164167297329,-0.6242433969787982,4.668195631467356
2018-10-05,-5.663020963239774,0.28726236096198576,3.4318122202045203
2018-10-08,2.579573553367453,0.45651141968192643,2.780999536989384
2018-10-09,11.803702271938079,0.22407226166633798,-6.350608734295051
2018-10-10,8.447438643683313,-1.0474475780726733,0.029846077290244466
2018-10-11,-6.437862218914574,0.5884582951896578,-6.072610707147831
2018-10-12,0.5695386079401601,-0.45710577159364263,3.9624996663526844
2018-10-15,-0.9591470802372726,-0.3654585441363958,1.4270241420837095
2018-10-16,-5.200153769016339,-0.5856091927356424,4.353160605779038
2018-10-17,0.4945721381423027,1.6440251712812692,-3.8660066933376527
2018-10-18,8.879149345155582,0.07111546020535808,-2.259942800776386
2018-10-19,-0.538433860457161,0.5455311761007158,-0.4670082778025346
2018-10-22,1.4598854902832272,0.13516307223588786,-2.8155686249896235
2018-10-23,-2.2388691756550827,0.0647476162056897,2.951499696267419
2018-10-24,-6.322267083086928,0.32386562631003724,-5.100097846509229
2018-10-25,1.1540858218272945,0.35765128427579773,0.1371112721470098
2018-10-26,-2.5687871425698745,-0.5992012273061409,-0.2978632656981972
2018-10-29,-4.92172047349959,-1.4697619531791313,3.1112232820699433
2018-10-30,-5.1497983933499825,0.45761119172320264,2.6627467446578663
2018-10-31,-1.872683858945976,-0.16055598853011777,-0.4049459927674661
